SET TIME_ZONE = '-04:00';
ALTER DATABASE ADMIN CHARACTER SET utf8mb4 COLLATE utf8mb4_spanish_ci;
SET NAMES 'utf8mb4' COLLATE 'utf8mb4_spanish_ci';
SET collation_connection  = 'utf8mb4_spanish_ci';

CREATE TABLE ADMIN.GG_TGPACTE (
  NUM_FICHAE              INT NOT NULL,
  COD_RUTPAC              INT,
  COD_DIGVER              VARCHAR(25),
  NOM_NOMBRE              VARCHAR(25),
  NOM_APEPAT              VARCHAR(20),
  NOM_APEMAT              VARCHAR(20),
  FEC_NACIMI              DATE,
  IND_TISEXO              CHAR(1),
  IND_ESTCIV              CHAR(1),
  NOM_NPADRE              VARCHAR(31),
  NOM_NMADRE              VARCHAR(31),
  NOM_PAREJA              VARCHAR(35),
  IND_GRUCRO              CHAR(1),
  IND_TIPPAC              CHAR(1),
  COD_GRUSAN              VARCHAR(10),
  IND_ETN                 VARCHAR(2),
  OCUPACION               VARCHAR(30),
  LUGAR_TRAB              VARCHAR(30),
  NOM_DIRECC              VARCHAR(100),
  COD_COMUNA              VARCHAR(15),
  IND_URBRUR              VARCHAR(1),
  COD_PAIS                VARCHAR(3),
  COD_RUTTIT              INT,
  COD_USRCREA             VARCHAR(60),
  FEC_USRCREA             DATE,
  COD_USUARI              VARCHAR(60),
  FEC_AUDITA              DATE,
  IND_ESTADO              CHAR(1),
  EMAIL                   VARCHAR(65),
  IND_FAX                 VARCHAR(10),
  IND_PERCETN             VARCHAR(2),
  COD_FACSAN              VARCHAR(2),
  IND_RECNAC              VARCHAR(1),
  COD_RUTREF              INT,
  COD_DIGREF              VARCHAR(1),
  IND_REFER               VARCHAR(1),
  IND_RUT                 VARCHAR(10),
  IND_PERCAPITA           VARCHAR(1),
  EMP_PERCAPITA           VARCHAR(3),
  ALERGIAS                VARCHAR(30),
  CREDENCIAL              VARCHAR(10),
  INTG_PART_MULT          VARCHAR(1),
  NUM_TELEFO1_2           VARCHAR(12),
  NUM_TELEFO2_2           VARCHAR(12),
  NUM_CELULAR_2           VARCHAR(12),
  NUM_TELEFO1             VARCHAR(12),
  NUM_TELEFO2             VARCHAR(12),
  NUM_CELULAR             VARCHAR(12),
  COD_SISTEMA             VARCHAR(10),
  COD_SISTEMAUDITA        VARCHAR(10),
  COD_REGION              VARCHAR(2),
  COD_CIUDAD              VARCHAR(15),
  NUM_CASA                VARCHAR(15),
  COD_VIADIRECCION        VARCHAR(2),
  IND_CONDPRAIS           VARCHAR(1),
  NOM_RESTODIRECC         VARCHAR(300),
  CP_ID_CATOCUPAPAC       INT DEFAULT 0,
  IND_NIVELINSTRUC        INT DEFAULT 0,
  REP_LEGAL               VARCHAR(300),
  ID_EXTRANJERO           VARCHAR(15),
  IND_TIPOIDENTIFICA      INT DEFAULT 0,
  IND_EXTRANJERO          INT DEFAULT 0,
  NUM_IDENTIFICACION      VARCHAR(30),
  TIP_IDENTIFICACION      INT,
  FEC_VENCEPASPORT        DATE,
  IND_CORTEINTERA         INT DEFAULT 0,
  COD_OCUPACION           VARCHAR(5),
  ID_FONASA               VARCHAR(30),
  FEC_IDFONASA            DATE,
  NOM_SOCIAL              VARCHAR(50),
  IND_TRANS               INT,
  IND_SENAME              INT DEFAULT 0,
  COD_NACIONALIDAD        VARCHAR(3),
  EDAD_GESTA_SEMANA       INT,
  EDAD_GESTA_DIAS         INT,
  EDAD_CORREGIDA_SEMANA   INT,
  EDAD_CORREGIDA_DIAS     INT,
  IND_PREMATURO           INT,
  ID_OCUPACION            INT,
  IND_CATOCUPANEW         INT,
  IND_NIVEL_EDUCACIONAL   INT,
  IND_POBLACION_MIGRANTE  INT,
  PESO                    INT,
  TALLA                   INT,
  IMC                     INT,
  EDADGESTACIONAL         INT,
  PRIMARY KEY (NUM_FICHAE)
);


CREATE TABLE ADMIN.SO_TCPACTE (
  COD_RUTPAC              INT,
  NUM_CORPAC              INT,
  NUM_NFICHA              INT,
  NUM_AFICHA              INT,
  IND_ESTPAC              CHAR(1),
  COD_SERULA              VARCHAR(7),
  FEC_ULTASI              DATE,
  NUM_CORHOS              INT,
  FEC_ULTSER              DATE,
  COD_ULTSER              VARCHAR(3),
  IND_ARCHIVO             VARCHAR(1),
  FEC_IMPRES              DATE,
  COD_USRCREA             VARCHAR(60),
  FEC_USRCREA             DATE,
  COD_USUARI              VARCHAR(60),
  FEC_AUDITA              DATE,
  IND_ESTADO              CHAR(1),
  COD_EMPRESA             VARCHAR(5),
  NOM_DIRECC              VARCHAR(100),
  NOM_CONTACTO            VARCHAR(50),
  DIRECC_CONTACTO         VARCHAR(100),
  NUM_FICHAE              INT,
  IND_IMPRES              CHAR(1),
  NUM_TELEFO1_2           VARCHAR(12),
  TELEFO_CONTACTO_2       VARCHAR(12),
  NUM_TELEFO1             VARCHAR(12),
  TELEFO_CONTACTO         VARCHAR(12),
  COD_SISTEMA             VARCHAR(10),
  COD_SISTEMAUDITA        VARCHAR(10),
  COD_SECTOR              VARCHAR(5),
  COD_FAMILIA             VARCHAR(15),
  NUM_CASA                VARCHAR(6),
  COD_VIADIRECCION        VARCHAR(2),
  COD_COMUNAL             VARCHAR(15),
  COD_CIUDADL             VARCHAR(15),
  COD_REGIONL             VARCHAR(2)
);


CREATE TABLE ADMIN.GG_TPACFALLECIDO (
  NUM_FICHAE              INT NOT NULL,
  COD_RUTPAC              INT,
  FEC_FALLECE             DATE,
  COD_USUARIINF           VARCHAR(60),
  FEC_INFORMA             DATE,
  COD_SISINFORMA          VARCHAR(30),
  COD_USRCREA             VARCHAR(60),
  FEC_USRCREA             DATE,
  COD_USUARI              VARCHAR(60),
  FEC_AUDITA              DATE,
  IND_ESTADO              VARCHAR(1)
);

CREATE TABLE ADMIN.GG_TSEXO (
  IND_SEXO                VARCHAR(1),
  NOM_SEXO                VARCHAR(14),
  IND_ESTADO              VARCHAR(1),
  IND_CODN820             VARCHAR(2)
);

INSERT INTO ADMIN.GG_TSEXO (IND_SEXO, NOM_SEXO, IND_ESTADO, IND_CODN820) VALUES ('F', 'FEMENINO', 'V', '02');
INSERT INTO ADMIN.GG_TSEXO (IND_SEXO, NOM_SEXO, IND_ESTADO, IND_CODN820) VALUES ('M', 'MASCULINO', 'V', '01');
INSERT INTO ADMIN.GG_TSEXO (IND_SEXO, NOM_SEXO, IND_ESTADO, IND_CODN820) VALUES ('N', 'NO DETERMINADO', 'V', '03');
INSERT INTO ADMIN.GG_TSEXO (IND_SEXO, NOM_SEXO, IND_ESTADO, IND_CODN820) VALUES ('D', 'DESCONOCIDO', 'V', '99');

CREATE TABLE ADMIN.GG_TETNIA(
  IND_ETN               VARCHAR(2) NOT NULL,
  NOM_ETN               VARCHAR(30) NOT NULL,
  IND_ESTADO            VARCHAR(1) NOT NULL,
  IND_INSCRITO          VARCHAR(2),
  COD_IFLETN            VARCHAR(2),
  COD_ETNIAEGRESO       VARCHAR(2),
  COD_ETNIAEGRNUEVO     VARCHAR(2)
);

INSERT INTO ADMIN.GG_TETNIA (IND_ETN, NOM_ETN, IND_ESTADO, IND_INSCRITO, COD_IFLETN, COD_ETNIAEGRESO, COD_ETNIAEGRNUEVO) 
VALUES ('0', 'NINGUNA', 'V', NULL, NULL, '0', '00');

INSERT INTO ADMIN.GG_TETNIA (IND_ETN, NOM_ETN, IND_ESTADO, IND_INSCRITO, COD_IFLETN, COD_ETNIAEGRESO, COD_ETNIAEGRNUEVO) 
VALUES ('1', 'MAPUCHE', 'V', '04', '1', '6', '06');

INSERT INTO ADMIN.GG_TETNIA (IND_ETN, NOM_ETN, IND_ESTADO, IND_INSCRITO, COD_IFLETN, COD_ETNIAEGRESO, COD_ETNIAEGRNUEVO) 
VALUES ('2', 'ATACAMEÑO', 'V', '05', '8', '2', '02');

INSERT INTO ADMIN.GG_TETNIA (IND_ETN, NOM_ETN, IND_ESTADO, IND_INSCRITO, COD_IFLETN, COD_ETNIAEGRESO, COD_ETNIAEGRNUEVO) 
VALUES ('3', 'AYMARA', 'V', '01', '2', '3', '03');

INSERT INTO ADMIN.GG_TETNIA (IND_ETN, NOM_ETN, IND_ESTADO, IND_INSCRITO, COD_IFLETN, COD_ETNIAEGRESO, COD_ETNIAEGRNUEVO) 
VALUES ('4', 'COLLAS', 'V', '06', '11', '4', '04');

INSERT INTO ADMIN.GG_TETNIA (IND_ETN, NOM_ETN, IND_ESTADO, IND_INSCRITO, COD_IFLETN, COD_ETNIAEGRESO, COD_ETNIAEGRNUEVO) 
VALUES ('5', 'KAWASHKAR', 'V', '07', '12', NULL, NULL);

INSERT INTO ADMIN.GG_TETNIA (IND_ETN, NOM_ETN, IND_ESTADO, IND_INSCRITO, COD_IFLETN, COD_ETNIAEGRESO, COD_ETNIAEGRNUEVO) 
VALUES ('6', 'PASCUENCE', 'V', '02', '3', '8', '08');

INSERT INTO ADMIN.GG_TETNIA (IND_ETN, NOM_ETN, IND_ESTADO, IND_INSCRITO, COD_IFLETN, COD_ETNIAEGRESO, COD_ETNIAEGRNUEVO) 
VALUES ('7', 'QUECHUA', 'V', '03', '10', '7', '07');

INSERT INTO ADMIN.GG_TETNIA (IND_ETN, NOM_ETN, IND_ESTADO, IND_INSCRITO, COD_IFLETN, COD_ETNIAEGRESO, COD_ETNIAEGRNUEVO) 
VALUES ('8', 'YAMANA/YAGAN/KAWASHKAR', 'V', NULL, '9', '9', '09');

INSERT INTO ADMIN.GG_TETNIA (IND_ETN, NOM_ETN, IND_ESTADO, IND_INSCRITO, COD_IFLETN, COD_ETNIAEGRESO, COD_ETNIAEGRNUEVO) 
VALUES ('9', 'EXTRANJERO', 'E', NULL, NULL, NULL, '00');

INSERT INTO ADMIN.GG_TETNIA (IND_ETN, NOM_ETN, IND_ESTADO, IND_INSCRITO, COD_IFLETN, COD_ETNIAEGRESO, COD_ETNIAEGRNUEVO) 
VALUES ('11', 'SIN ETNIA', 'V', '99', NULL, NULL, '00');

INSERT INTO ADMIN.GG_TETNIA (IND_ETN, NOM_ETN, IND_ESTADO, IND_INSCRITO, COD_IFLETN, COD_ETNIAEGRESO, COD_ETNIAEGRNUEVO) 
VALUES ('12', 'NO INFORMADO', 'V', '00', NULL, NULL, '00');

INSERT INTO ADMIN.GG_TETNIA (IND_ETN, NOM_ETN, IND_ESTADO, IND_INSCRITO, COD_IFLETN, COD_ETNIAEGRESO, COD_ETNIAEGRNUEVO) 
VALUES ('13', 'ALACALUFE', 'V', NULL, NULL, '1', '01');

INSERT INTO ADMIN.GG_TETNIA (IND_ETN, NOM_ETN, IND_ESTADO, IND_INSCRITO, COD_IFLETN, COD_ETNIAEGRESO, COD_ETNIAEGRNUEVO) 
VALUES ('14', 'DIAGUITA', 'V', NULL, NULL, '5', '05');

INSERT INTO ADMIN.GG_TETNIA (IND_ETN, NOM_ETN, IND_ESTADO, IND_INSCRITO, COD_IFLETN, COD_ETNIAEGRESO, COD_ETNIAEGRNUEVO) 
VALUES ('16', 'NO SABE', 'V', NULL, NULL, NULL, '10');

INSERT INTO ADMIN.GG_TETNIA (IND_ETN, NOM_ETN, IND_ESTADO, IND_INSCRITO, COD_IFLETN, COD_ETNIAEGRESO, COD_ETNIAEGRNUEVO) 
VALUES ('17', 'NO RESPONDE', 'V', NULL, NULL, NULL, '11');
COMMIT;


CREATE TABLE ADMIN.GG_TESTCIV (
  COD_ESTCIV            VARCHAR(1) NOT NULL,
  NOM_ESTCIV            VARCHAR(11) NOT NULL,
  IND_ESTADO            VARCHAR(1) NOT NULL
);

INSERT INTO ADMIN.GG_TESTCIV (COD_ESTCIV, NOM_ESTCIV, IND_ESTADO) 
VALUES 
  ('S', 'SOLTERO', 'V'),
  ('C', 'CASADO', 'V'),
  ('V', 'VIUDO', 'V'),
  ('O', 'CONVIVIENTE', 'V'),
  ('E', 'SEPARADO', 'V'),
  ('D', 'DIVORCIADO', 'V');
COMMIT;

CREATE TABLE ADMIN.GG_TPAIS (
  COD_PAIS              VARCHAR(2) NOT NULL,
  NOM_PAIS              VARCHAR(25) NOT NULL,
  IND_ESTADO            CHAR(1) NOT NULL,
  FEC_AUDITA            DATE NOT NULL,
  COD_USUARI            VARCHAR(60) NOT NULL,
  COD_PAISEGR           INT,
  IND_CODN820           VARCHAR(3),
  ID_PNTM               INT
);

INSERT INTO ADMIN.GG_TPAIS (COD_PAIS, NOM_PAIS, IND_ESTADO, FEC_AUDITA, COD_USUARI, COD_PAISEGR, IND_CODN820, ID_PNTM) 
VALUES
  ('AU', 'AUSTRALIA', 'V', '2002-09-14 06:29:51', 'ADMIN', 502, '036', NULL),
  ('AT', 'AUSTRIA', 'V', '2002-09-14 06:29:51', 'ADMIN', 404, '040', NULL),
  ('BE', 'BELGICA', 'V', '2002-09-14 06:29:51', 'ADMIN', 405, '056', NULL),
  ('BO', 'BOLIVIA', 'V', '2002-09-14 06:29:51', 'ADMIN', 210, '068', NULL),
  ('BR', 'BRASIL', 'V', '2002-09-14 06:29:51', 'ADMIN', 211, '076', NULL),
  ('BG', 'BULGARIA', 'V', '2002-09-14 06:29:51', 'ADMIN', 408, '100', NULL),
  ('CA', 'CANADA', 'V', '2002-09-14 06:29:51', 'ADMIN', 212, '124', NULL),
  ('CL', 'CHILE', 'V', '2002-09-14 06:29:51', 'ADMIN', 213, '152', NULL),
  ('CN', 'CHINA', 'V', '2002-09-14 06:29:51', 'ADMIN', 311, '156', NULL),
  ('CO', 'COLOMBIA', 'V', '2002-09-14 06:29:51', 'ADMIN', 214, '170', NULL),
  ('CG', 'REPUBLICA DEL CONGO', 'V', '2002-09-14 06:29:51', 'ADMIN', 139, NULL, NULL),
  ('CR', 'COSTA RICA', 'V', '2002-09-14 06:29:51', 'ADMIN', 215, '188', NULL),
  ('HR', 'CROACIA', 'V', '2002-09-14 06:29:51', 'ADMIN', 410, '191', NULL),
  ('CU', 'CUBA', 'V', '2002-09-14 06:29:51', 'ADMIN', 216, '192', NULL),
  ('CZ', 'REPUBLICA CHECA', 'V', '2002-09-14 06:29:51', 'ADMIN', 437, '203', NULL),
  ('DK', 'DINAMARCA', 'V', '2002-09-14 06:29:51', 'ADMIN', 411, '208', NULL),
  ('DO', 'REPUBLICA DOMINICANA', 'V', '2002-09-14 06:29:51', 'ADMIN', 244, '214', NULL),
  ('EC', 'ECUADOR', 'V', '2002-09-14 06:29:51', 'ADMIN', 218, '218', NULL),
  ('EG', 'EGIPTO', 'V', '2002-09-14 06:29:51', 'ADMIN', 113, '818', NULL),
  ('SV', 'EL SALVADOR', 'V', '2002-09-14 06:29:51', 'ADMIN', 219, '222', NULL),
  ('ET', 'ETIOPIA', 'V', '2002-09-14 06:29:51', 'ADMIN', 115, '231', NULL),
  ('FI', 'FINLANDIA', 'V', '2002-09-14 06:29:51', 'ADMIN', 416, '246', NULL),
  ('FR', 'FRANCIA', 'V', '2002-09-14 06:29:51', 'ADMIN', 417, '250', NULL),
  ('DE', 'ALEMANIA', 'V', '2002-09-14 06:29:51', 'ADMIN', 402, '276', NULL),
  ('GR', 'GRECIA', 'V', '2002-09-14 06:29:51', 'ADMIN', 419, '300', NULL),
  ('GN', 'GUINEA', 'V', '2002-09-14 06:29:51', 'ADMIN', 119, '324', NULL),
  ('HT', 'HAITI', 'V', '2002-09-14 06:29:51', 'ADMIN', 227, '332', NULL),
  ('HN', 'HONDURAS', 'V', '2002-09-14 06:29:51', 'ADMIN', 228, '340', NULL),
  ('HK', 'HONG KONG', 'V', '2002-09-14 06:29:51', 'ADMIN', 315, '344', NULL),
  ('HG', 'HUNGRIA', 'V', '2002-09-14 06:29:51', 'ADMIN', 421, '348', NULL),
  ('IS', 'ISLANDIA', 'V', '2002-09-14 06:29:51', 'ADMIN', 423, '352', NULL),
  ('IN', 'INDIA', 'V', '2002-09-14 06:29:51', 'ADMIN', 316, '356', NULL),
  ('ID', 'INDONESIA', 'V', '2002-09-14 06:29:51', 'ADMIN', 317, '360', NULL),
  ('IR', 'IRAN', 'V', '2002-09-14 06:29:51', 'ADMIN', 319, '364', NULL),
  ('IQ', 'IRAK', 'V', '2002-09-14 06:29:51', 'ADMIN', 318, '368', NULL),
  ('IE', 'IRLANDA', 'V', '2002-09-14 06:29:51', 'ADMIN', 422, '372', NULL),
  ('IL', 'ISRAEL', 'V', '2002-09-14 06:29:51', 'ADMIN', 320, '376', NULL),
  ('IT', 'ITALIA', 'V', '2002-09-14 06:29:51', 'ADMIN', 425, '380', NULL),
  ('JM', 'JAMAICA', 'V', '2002-09-14 06:29:51', 'ADMIN', 235, '388', NULL),
  ('JP', 'JAPON', 'V', '2002-09-14 06:29:51', 'ADMIN', 321, '392', NULL),
  ('KR', 'COREA DEL NORTE', 'V', '2002-09-14 06:29:51', 'ADMIN', 338, '408', NULL),
  ('MX', 'MEXICO', 'V', '2002-09-14 06:29:51', 'ADMIN', 237, '484', NULL),
  ('MA', 'MARRUECOS', 'V', '2002-09-14 06:29:51', 'ADMIN', 130, '504', NULL),
  ('NI', 'NICARAGUA', 'V', '2002-09-14 06:29:51', 'ADMIN', 239, '558', NULL),
  ('NO', 'NORUEGA', 'V', '2002-09-14 06:29:51', 'ADMIN', 433, '578', NULL),
  ('PK', 'PAKISTAN', 'V', '2002-09-14 06:29:51', 'ADMIN', 334, '586', NULL),
  ('PA', 'PANAMA', 'V', '2002-09-14 06:29:51', 'ADMIN', 240, '591', NULL),
  ('PY', 'PARAGUAY', 'V', '2002-09-14 06:29:51', 'ADMIN', 241, '600', NULL),
  ('PE', 'PERU', 'V', '2002-09-14 06:29:51', 'ADMIN', 242, '604', NULL),
  ('PL', 'POLONIA', 'V', '2002-09-14 06:29:51', 'ADMIN', 434, '616', NULL),
  ('PT', 'PORTUGAL', 'V', '2002-09-14 06:29:51', 'ADMIN', 435, '620', NULL),
  ('PR', 'PUERTO RICO', 'V', '2002-09-14 06:29:51', 'ADMIN', 243, '630', NULL),
  ('RO', 'RUMANIA', 'V', '2002-09-14 06:29:51', 'ADMIN', 439, '642', NULL),
  ('SA', 'ARABIA SAUDITA', 'V', '2002-09-14 06:29:51', 'ADMIN', 302, '682', NULL),
  ('SG', 'SINGAPUR', 'V', '2002-09-14 06:29:51', 'ADMIN', 340, '702', NULL),
  ('ES', 'ESPAÑA', 'V', '2002-09-14 06:29:51', 'ADMIN', 414, '724', NULL),
  ('SE', 'SUIZA', 'V', '2002-09-14 06:29:51', 'ADMIN', 442, '756', NULL),
  ('CH', 'SUECIA', 'V', '2002-09-14 06:29:51', 'ADMIN', 441, '752', NULL),
  ('TH', 'TAILANDIA', 'V', '2002-09-14 06:29:51', 'ADMIN', 343, '764', NULL),
  ('GB', 'INGLATERRA', 'V', '2002-09-14 06:29:51', 'ADMIN', 436, NULL, NULL),
  ('US', 'ESTADOS UNIDOS', 'V', '2002-09-14 06:29:51', 'ADMIN', 220, '840', NULL),
  ('UY', 'URUGUAY', 'V', '2002-09-14 06:29:51', 'ADMIN', 251, '858', NULL),
  ('VE', 'VENEZUELA', 'V', '2002-09-14 06:29:51', 'ADMIN', 252, '862', NULL),
  ('YU', 'YUGOSLAVIA', 'V', '2002-09-14 06:29:51', 'ADMIN', 445, NULL, NULL),
  ('UA', 'UCRANIA', 'V', '2002-09-14 06:29:51', 'ADMIN', 443, '804', NULL),
  ('RU', 'RUSIA', 'V', '2002-09-14 06:29:51', 'ADMIN', 339, '643', NULL),
  ('FL', 'FILIPINAS', 'V', '2002-09-14 06:29:51', 'ADMIN', 313, '608', NULL),
  ('KS', 'COREA DEL SUR', 'V', '2011-08-30 00:00:00', 'ADMIN', 337, '410', NULL),
  ('RC', 'R. DEMOCRATICA DEL CONGO', 'V', '2011-08-30 00:00:00', 'ADMIN', 140, NULL, NULL),
  ('NL', 'HOLANDA', 'V', '2017-11-09 14:49:47', 'ADMIN', 528, NULL, NULL),
  ('AR', 'ARGENTINA', 'V', '2002-09-14 06:29:51', 'ADMIN', 204, '032', NULL),
  ('GH', 'GHANA', 'V', '2019-08-06 09:53:35', 'ADMIN', NULL, '288', NULL);
COMMIT;


CREATE TABLE ADMIN.GG_TCIUDAD (
  COD_CIUDAD  VARCHAR(6),
  NOM_CIUDAD  VARCHAR(30),
  COD_REGION  VARCHAR(3),
  COD_USUARI  VARCHAR(60),
  FEC_AUDITA  DATE,
  IND_ESTADO  VARCHAR(1)
);

COMMIT;

Insert into ADMIN.GG_TCIUDAD
   (COD_CIUDAD, NOM_CIUDAD, COD_REGION, COD_USUARI, FEC_AUDITA, 
    IND_ESTADO)
 Values
   ('10302', 'PUERTO OCTAY', '10', 'ADMIN', STR_TO_DATE('09/23/2011 08:30:22', '%m/%d/%Y %H:%i:%s'), 
    'V');
Insert into ADMIN.GG_TCIUDAD
   (COD_CIUDAD, NOM_CIUDAD, COD_REGION, COD_USUARI, FEC_AUDITA, 
    IND_ESTADO)
 Values
   ('10306', 'SAN JUAN DE LA COSTA', '10', 'ADMIN', STR_TO_DATE('09/23/2011 08:30:22', '%m/%d/%Y %H:%i:%s'), 
    'V');
Insert into ADMIN.GG_TCIUDAD
   (COD_CIUDAD, NOM_CIUDAD, COD_REGION, COD_USUARI, FEC_AUDITA, 
    IND_ESTADO)
 Values
   ('10307', 'SAN PABLO', '10', 'ADMIN', STR_TO_DATE('09/23/2011 08:30:22', '%m/%d/%Y %H:%i:%s'), 
    'V');
Insert into ADMIN.GG_TCIUDAD
   (COD_CIUDAD, NOM_CIUDAD, COD_REGION, COD_USUARI, FEC_AUDITA, 
    IND_ESTADO)
 Values
   ('10304', 'PUYEHUE', '10', 'ADMIN', STR_TO_DATE('09/23/2011 08:30:22', '%m/%d/%Y %H:%i:%s'), 
    'V');
Insert into ADMIN.GG_TCIUDAD
   (COD_CIUDAD, NOM_CIUDAD, COD_REGION, COD_USUARI, FEC_AUDITA, 
    IND_ESTADO)
 Values
   ('10101', 'PUERTO MONTT', '10', 'ADMIN', STR_TO_DATE('09/23/2011 08:30:22', '%m/%d/%Y %H:%i:%s'), 
    'V');
Insert into ADMIN.GG_TCIUDAD
   (COD_CIUDAD, NOM_CIUDAD, COD_REGION, COD_USUARI, FEC_AUDITA, 
    IND_ESTADO)
 Values
   ('10107', 'LLANQUIHUE', '10', 'ADMIN', STR_TO_DATE('09/23/2011 08:30:22', '%m/%d/%Y %H:%i:%s'), 
    'V');
Insert into ADMIN.GG_TCIUDAD
   (COD_CIUDAD, NOM_CIUDAD, COD_REGION, COD_USUARI, FEC_AUDITA, 
    IND_ESTADO)
 Values
   ('10105', 'FRUTILLAR', '10', 'ADMIN', STR_TO_DATE('09/23/2011 08:30:22', '%m/%d/%Y %H:%i:%s'), 
    'V');
Insert into ADMIN.GG_TCIUDAD
   (COD_CIUDAD, NOM_CIUDAD, COD_REGION, COD_USUARI, FEC_AUDITA, 
    IND_ESTADO)
 Values
   ('10104', 'FRESIA', '10', 'ADMIN', STR_TO_DATE('09/23/2011 08:30:22', '%m/%d/%Y %H:%i:%s'), 
    'V');
Insert into ADMIN.GG_TCIUDAD
   (COD_CIUDAD, NOM_CIUDAD, COD_REGION, COD_USUARI, FEC_AUDITA, 
    IND_ESTADO)
 Values
   ('10108', 'MAULLIN', '10', 'ADMIN', STR_TO_DATE('09/23/2011 08:30:22', '%m/%d/%Y %H:%i:%s'), 
    'V');
Insert into ADMIN.GG_TCIUDAD
   (COD_CIUDAD, NOM_CIUDAD, COD_REGION, COD_USUARI, FEC_AUDITA, 
    IND_ESTADO)
 Values
   ('10102', 'CALBUCO', '10', 'ADMIN', STR_TO_DATE('09/23/2011 08:30:22', '%m/%d/%Y %H:%i:%s'), 
    'V');
Insert into ADMIN.GG_TCIUDAD
   (COD_CIUDAD, NOM_CIUDAD, COD_REGION, COD_USUARI, FEC_AUDITA, 
    IND_ESTADO)
 Values
   ('10404', 'PALENA', '10', 'ADMIN', STR_TO_DATE('09/23/2011 08:30:22', '%m/%d/%Y %H:%i:%s'), 
    'V');
Insert into ADMIN.GG_TCIUDAD
   (COD_CIUDAD, NOM_CIUDAD, COD_REGION, COD_USUARI, FEC_AUDITA, 
    IND_ESTADO)
 Values
   ('10402', 'FUTALEUFU', '10', 'ADMIN', STR_TO_DATE('09/23/2011 08:30:22', '%m/%d/%Y %H:%i:%s'), 
    'V');
Insert into ADMIN.GG_TCIUDAD
   (COD_CIUDAD, NOM_CIUDAD, COD_REGION, COD_USUARI, FEC_AUDITA, 
    IND_ESTADO)
 Values
   ('10109', 'PUERTO VARAS', '10', 'ADMIN', STR_TO_DATE('09/23/2011 08:30:22', '%m/%d/%Y %H:%i:%s'), 
    'V');
Insert into ADMIN.GG_TCIUDAD
   (COD_CIUDAD, NOM_CIUDAD, COD_REGION, COD_USUARI, FEC_AUDITA, 
    IND_ESTADO)
 Values
   ('10106', 'LOS MUERMOS', '10', 'ADMIN', STR_TO_DATE('09/23/2011 08:30:22', '%m/%d/%Y %H:%i:%s'), 
    'V');
Insert into ADMIN.GG_TCIUDAD
   (COD_CIUDAD, NOM_CIUDAD, COD_REGION, COD_USUARI, FEC_AUDITA, 
    IND_ESTADO)
 Values
   ('10403', 'HUALAIHUE', '10', 'ADMIN', STR_TO_DATE('09/23/2011 08:30:22', '%m/%d/%Y %H:%i:%s'), 
    'V');
Insert into ADMIN.GG_TCIUDAD
   (COD_CIUDAD, NOM_CIUDAD, COD_REGION, COD_USUARI, FEC_AUDITA, 
    IND_ESTADO)
 Values
   ('10103', 'COCHAMO', '10', 'ADMIN', STR_TO_DATE('09/23/2011 08:30:22', '%m/%d/%Y %H:%i:%s'), 
    'V');
Insert into ADMIN.GG_TCIUDAD
   (COD_CIUDAD, NOM_CIUDAD, COD_REGION, COD_USUARI, FEC_AUDITA, 
    IND_ESTADO)
 Values
   ('10401', 'CHAITEN', '10', 'ADMIN', STR_TO_DATE('09/23/2011 08:30:22', '%m/%d/%Y %H:%i:%s'), 
    'V');
Insert into ADMIN.GG_TCIUDAD
   (COD_CIUDAD, NOM_CIUDAD, COD_REGION, COD_USUARI, FEC_AUDITA, 
    IND_ESTADO)
 Values
   ('11101', 'COIHAIQUE', '11', 'ADMIN', STR_TO_DATE('09/23/2011 08:30:22', '%m/%d/%Y %H:%i:%s'), 
    'V');
Insert into ADMIN.GG_TCIUDAD
   (COD_CIUDAD, NOM_CIUDAD, COD_REGION, COD_USUARI, FEC_AUDITA, 
    IND_ESTADO)
 Values
   ('11201', 'AISEN', '11', 'ADMIN', STR_TO_DATE('09/23/2011 08:30:22', '%m/%d/%Y %H:%i:%s'), 
    'V');
Insert into ADMIN.GG_TCIUDAD
   (COD_CIUDAD, NOM_CIUDAD, COD_REGION, COD_USUARI, FEC_AUDITA, 
    IND_ESTADO)
 Values
   ('11401', 'CHILE CHICO', '11', 'ADMIN', STR_TO_DATE('09/23/2011 08:30:22', '%m/%d/%Y %H:%i:%s'), 
    'V');
Insert into ADMIN.GG_TCIUDAD
   (COD_CIUDAD, NOM_CIUDAD, COD_REGION, COD_USUARI, FEC_AUDITA, 
    IND_ESTADO)
 Values
   ('11301', 'COCHRANE', '11', 'ADMIN', STR_TO_DATE('09/23/2011 08:30:22', '%m/%d/%Y %H:%i:%s'), 
    'V');
Insert into ADMIN.GG_TCIUDAD
   (COD_CIUDAD, NOM_CIUDAD, COD_REGION, COD_USUARI, FEC_AUDITA, 
    IND_ESTADO)
 Values
   ('11202', 'CISNES', '11', 'ADMIN', STR_TO_DATE('09/23/2011 08:30:22', '%m/%d/%Y %H:%i:%s'), 
    'V');
Insert into ADMIN.GG_TCIUDAD
   (COD_CIUDAD, NOM_CIUDAD, COD_REGION, COD_USUARI, FEC_AUDITA, 
    IND_ESTADO)
 Values
   ('11203', 'GUAITECAS', '11', 'ADMIN', STR_TO_DATE('09/23/2011 08:30:22', '%m/%d/%Y %H:%i:%s'), 
    'V');
Insert into ADMIN.GG_TCIUDAD
   (COD_CIUDAD, NOM_CIUDAD, COD_REGION, COD_USUARI, FEC_AUDITA, 
    IND_ESTADO)
 Values
   ('11102', 'LAGO VERDE', '11', 'ADMIN', STR_TO_DATE('09/23/2011 08:30:22', '%m/%d/%Y %H:%i:%s'), 
    'V');
Insert into ADMIN.GG_TCIUDAD
   (COD_CIUDAD, NOM_CIUDAD, COD_REGION, COD_USUARI, FEC_AUDITA, 
    IND_ESTADO)
 Values
   ('11402', 'RIO IBAÑEZ', '11', 'ADMIN', STR_TO_DATE('09/23/2011 08:30:22', '%m/%d/%Y %H:%i:%s'), 
    'V');
Insert into ADMIN.GG_TCIUDAD
   (COD_CIUDAD, NOM_CIUDAD, COD_REGION, COD_USUARI, FEC_AUDITA, 
    IND_ESTADO)
 Values
   ('11302', 'O''HIGGINS', '11', 'ADMIN', STR_TO_DATE('09/23/2011 08:30:22', '%m/%d/%Y %H:%i:%s'), 
    'V');
Insert into ADMIN.GG_TCIUDAD
   (COD_CIUDAD, NOM_CIUDAD, COD_REGION, COD_USUARI, FEC_AUDITA, 
    IND_ESTADO)
 Values
   ('11303', 'TORTEL', '11', 'ADMIN', STR_TO_DATE('09/23/2011 08:30:22', '%m/%d/%Y %H:%i:%s'), 
    'V');
Insert into ADMIN.GG_TCIUDAD
   (COD_CIUDAD, NOM_CIUDAD, COD_REGION, COD_USUARI, FEC_AUDITA, 
    IND_ESTADO)
 Values
   ('12401', 'NATALES', '12', 'ADMIN', STR_TO_DATE('09/23/2011 08:30:22', '%m/%d/%Y %H:%i:%s'), 
    'V');
Insert into ADMIN.GG_TCIUDAD
   (COD_CIUDAD, NOM_CIUDAD, COD_REGION, COD_USUARI, FEC_AUDITA, 
    IND_ESTADO)
 Values
   ('12101', 'PUNTA ARENAS', '12', 'ADMIN', STR_TO_DATE('09/23/2011 08:30:22', '%m/%d/%Y %H:%i:%s'), 
    'V');
Insert into ADMIN.GG_TCIUDAD
   (COD_CIUDAD, NOM_CIUDAD, COD_REGION, COD_USUARI, FEC_AUDITA, 
    IND_ESTADO)
 Values
   ('12301', 'PORVENIR', '12', 'ADMIN', STR_TO_DATE('09/23/2011 08:30:22', '%m/%d/%Y %H:%i:%s'), 
    'V');
Insert into ADMIN.GG_TCIUDAD
   (COD_CIUDAD, NOM_CIUDAD, COD_REGION, COD_USUARI, FEC_AUDITA, 
    IND_ESTADO)
 Values
   ('12201', 'CABO DE HORNOS', '12', 'ADMIN', STR_TO_DATE('09/23/2011 08:30:22', '%m/%d/%Y %H:%i:%s'), 
    'V');
Insert into ADMIN.GG_TCIUDAD
   (COD_CIUDAD, NOM_CIUDAD, COD_REGION, COD_USUARI, FEC_AUDITA, 
    IND_ESTADO)
 Values
   ('12302', 'PRIMAVERA', '12', 'ADMIN', STR_TO_DATE('09/23/2011 08:30:22', '%m/%d/%Y %H:%i:%s'), 
    'V');
Insert into ADMIN.GG_TCIUDAD
   (COD_CIUDAD, NOM_CIUDAD, COD_REGION, COD_USUARI, FEC_AUDITA, 
    IND_ESTADO)
 Values
   ('12402', 'TORRES DEL PAINE', '12', 'ADMIN', STR_TO_DATE('09/23/2011 08:30:22', '%m/%d/%Y %H:%i:%s'), 
    'V');
Insert into ADMIN.GG_TCIUDAD
   (COD_CIUDAD, NOM_CIUDAD, COD_REGION, COD_USUARI, FEC_AUDITA, 
    IND_ESTADO)
 Values
   ('12103', 'RIO VERDE', '12', 'ADMIN', STR_TO_DATE('09/23/2011 08:30:22', '%m/%d/%Y %H:%i:%s'), 
    'V');
Insert into ADMIN.GG_TCIUDAD
   (COD_CIUDAD, NOM_CIUDAD, COD_REGION, COD_USUARI, FEC_AUDITA, 
    IND_ESTADO)
 Values
   ('12102', 'LAGUNA BLANCA', '12', 'ADMIN', STR_TO_DATE('09/23/2011 08:30:22', '%m/%d/%Y %H:%i:%s'), 
    'V');
Insert into ADMIN.GG_TCIUDAD
   (COD_CIUDAD, NOM_CIUDAD, COD_REGION, COD_USUARI, FEC_AUDITA, 
    IND_ESTADO)
 Values
   ('12104', 'SAN GREGORIO', '12', 'ADMIN', STR_TO_DATE('09/23/2011 08:30:22', '%m/%d/%Y %H:%i:%s'), 
    'V');
Insert into ADMIN.GG_TCIUDAD
   (COD_CIUDAD, NOM_CIUDAD, COD_REGION, COD_USUARI, FEC_AUDITA, 
    IND_ESTADO)
 Values
   ('12303', 'TIMAUKEL', '12', 'ADMIN', STR_TO_DATE('09/23/2011 08:30:22', '%m/%d/%Y %H:%i:%s'), 
    'V');
Insert into ADMIN.GG_TCIUDAD
   (COD_CIUDAD, NOM_CIUDAD, COD_REGION, COD_USUARI, FEC_AUDITA, 
    IND_ESTADO)
 Values
   ('8201', 'LEBU', '08', 'ADMIN', STR_TO_DATE('09/23/2011 08:30:22', '%m/%d/%Y %H:%i:%s'), 
    'V');
Insert into ADMIN.GG_TCIUDAD
   (COD_CIUDAD, NOM_CIUDAD, COD_REGION, COD_USUARI, FEC_AUDITA, 
    IND_ESTADO)
 Values
   ('8205', 'CURANILAHUE', '08', 'ADMIN', STR_TO_DATE('09/23/2011 08:30:22', '%m/%d/%Y %H:%i:%s'), 
    'V');
Insert into ADMIN.GG_TCIUDAD
   (COD_CIUDAD, NOM_CIUDAD, COD_REGION, COD_USUARI, FEC_AUDITA, 
    IND_ESTADO)
 Values
   ('8203', 'CAÑETE', '08', 'ADMIN', STR_TO_DATE('09/23/2011 08:30:22', '%m/%d/%Y %H:%i:%s'), 
    'V');
Insert into ADMIN.GG_TCIUDAD
   (COD_CIUDAD, NOM_CIUDAD, COD_REGION, COD_USUARI, FEC_AUDITA, 
    IND_ESTADO)
 Values
   ('8204', 'CONTULMO', '08', 'ADMIN', STR_TO_DATE('09/23/2011 08:30:22', '%m/%d/%Y %H:%i:%s'), 
    'V');
Insert into ADMIN.GG_TCIUDAD
   (COD_CIUDAD, NOM_CIUDAD, COD_REGION, COD_USUARI, FEC_AUDITA, 
    IND_ESTADO)
 Values
   ('8202', 'ARAUCO', '08', 'ADMIN', STR_TO_DATE('09/23/2011 08:30:22', '%m/%d/%Y %H:%i:%s'), 
    'V');
Insert into ADMIN.GG_TCIUDAD
   (COD_CIUDAD, NOM_CIUDAD, COD_REGION, COD_USUARI, FEC_AUDITA, 
    IND_ESTADO)
 Values
   ('8207', 'TIRUA', '08', 'ADMIN', STR_TO_DATE('09/23/2011 08:30:22', '%m/%d/%Y %H:%i:%s'), 
    'V');
Insert into ADMIN.GG_TCIUDAD
   (COD_CIUDAD, NOM_CIUDAD, COD_REGION, COD_USUARI, FEC_AUDITA, 
    IND_ESTADO)
 Values
   ('8206', 'LOS ALAMOS', '08', 'ADMIN', STR_TO_DATE('09/23/2011 08:30:22', '%m/%d/%Y %H:%i:%s'), 
    'V');
Insert into ADMIN.GG_TCIUDAD
   (COD_CIUDAD, NOM_CIUDAD, COD_REGION, COD_USUARI, FEC_AUDITA, 
    IND_ESTADO)
 Values
   ('9201', 'ANGOL', '09', 'ADMIN', STR_TO_DATE('09/23/2011 08:30:22', '%m/%d/%Y %H:%i:%s'), 
    'V');
Insert into ADMIN.GG_TCIUDAD
   (COD_CIUDAD, NOM_CIUDAD, COD_REGION, COD_USUARI, FEC_AUDITA, 
    IND_ESTADO)
 Values
   ('9208', 'PUREN', '09', 'ADMIN', STR_TO_DATE('09/23/2011 08:30:22', '%m/%d/%Y %H:%i:%s'), 
    'V');
Insert into ADMIN.GG_TCIUDAD
   (COD_CIUDAD, NOM_CIUDAD, COD_REGION, COD_USUARI, FEC_AUDITA, 
    IND_ESTADO)
 Values
   ('9206', 'LOS SAUCES', '09', 'ADMIN', STR_TO_DATE('09/23/2011 08:30:22', '%m/%d/%Y %H:%i:%s'), 
    'V');
Insert into ADMIN.GG_TCIUDAD
   (COD_CIUDAD, NOM_CIUDAD, COD_REGION, COD_USUARI, FEC_AUDITA, 
    IND_ESTADO)
 Values
   ('9202', 'COLLIPULLI', '09', 'ADMIN', STR_TO_DATE('09/23/2011 08:30:22', '%m/%d/%Y %H:%i:%s'), 
    'V');
Insert into ADMIN.GG_TCIUDAD
   (COD_CIUDAD, NOM_CIUDAD, COD_REGION, COD_USUARI, FEC_AUDITA, 
    IND_ESTADO)
 Values
   ('9210', 'TRAIGUEN', '09', 'ADMIN', STR_TO_DATE('09/23/2011 08:30:22', '%m/%d/%Y %H:%i:%s'), 
    'V');
Insert into ADMIN.GG_TCIUDAD
   (COD_CIUDAD, NOM_CIUDAD, COD_REGION, COD_USUARI, FEC_AUDITA, 
    IND_ESTADO)
 Values
   ('9207', 'LUMACO', '09', 'ADMIN', STR_TO_DATE('09/23/2011 08:30:22', '%m/%d/%Y %H:%i:%s'), 
    'V');
Insert into ADMIN.GG_TCIUDAD
   (COD_CIUDAD, NOM_CIUDAD, COD_REGION, COD_USUARI, FEC_AUDITA, 
    IND_ESTADO)
 Values
   ('9211', 'VICTORIA', '09', 'ADMIN', STR_TO_DATE('09/23/2011 08:30:22', '%m/%d/%Y %H:%i:%s'), 
    'V');
Insert into ADMIN.GG_TCIUDAD
   (COD_CIUDAD, NOM_CIUDAD, COD_REGION, COD_USUARI, FEC_AUDITA, 
    IND_ESTADO)
 Values
   ('9203', 'CURACAUTIN', '09', 'ADMIN', STR_TO_DATE('09/23/2011 08:30:22', '%m/%d/%Y %H:%i:%s'), 
    'V');
Insert into ADMIN.GG_TCIUDAD
   (COD_CIUDAD, NOM_CIUDAD, COD_REGION, COD_USUARI, FEC_AUDITA, 
    IND_ESTADO)
 Values
   ('9205', 'LONQUIMAY', '09', 'ADMIN', STR_TO_DATE('09/23/2011 08:30:22', '%m/%d/%Y %H:%i:%s'), 
    'V');
Insert into ADMIN.GG_TCIUDAD
   (COD_CIUDAD, NOM_CIUDAD, COD_REGION, COD_USUARI, FEC_AUDITA, 
    IND_ESTADO)
 Values
   ('9209', 'RENAICO', '09', 'ADMIN', STR_TO_DATE('09/23/2011 08:30:22', '%m/%d/%Y %H:%i:%s'), 
    'V');
Insert into ADMIN.GG_TCIUDAD
   (COD_CIUDAD, NOM_CIUDAD, COD_REGION, COD_USUARI, FEC_AUDITA, 
    IND_ESTADO)
 Values
   ('9204', 'ERCILLA', '09', 'ADMIN', STR_TO_DATE('09/23/2011 08:30:22', '%m/%d/%Y %H:%i:%s'), 
    'V');
Insert into ADMIN.GG_TCIUDAD
   (COD_CIUDAD, NOM_CIUDAD, COD_REGION, COD_USUARI, FEC_AUDITA, 
    IND_ESTADO)
 Values
   ('10201', 'CASTRO', '10', 'ADMIN', STR_TO_DATE('09/23/2011 08:30:22', '%m/%d/%Y %H:%i:%s'), 
    'V');
Insert into ADMIN.GG_TCIUDAD
   (COD_CIUDAD, NOM_CIUDAD, COD_REGION, COD_USUARI, FEC_AUDITA, 
    IND_ESTADO)
 Values
   ('10202', 'ANCUD', '10', 'ADMIN', STR_TO_DATE('09/23/2011 08:30:22', '%m/%d/%Y %H:%i:%s'), 
    'V');
Insert into ADMIN.GG_TCIUDAD
   (COD_CIUDAD, NOM_CIUDAD, COD_REGION, COD_USUARI, FEC_AUDITA, 
    IND_ESTADO)
 Values
   ('10210', 'QUINCHAO', '10', 'ADMIN', STR_TO_DATE('09/23/2011 08:30:22', '%m/%d/%Y %H:%i:%s'), 
    'V');
Insert into ADMIN.GG_TCIUDAD
   (COD_CIUDAD, NOM_CIUDAD, COD_REGION, COD_USUARI, FEC_AUDITA, 
    IND_ESTADO)
 Values
   ('10208', 'QUELLON', '10', 'ADMIN', STR_TO_DATE('09/23/2011 08:30:22', '%m/%d/%Y %H:%i:%s'), 
    'V');
Insert into ADMIN.GG_TCIUDAD
   (COD_CIUDAD, NOM_CIUDAD, COD_REGION, COD_USUARI, FEC_AUDITA, 
    IND_ESTADO)
 Values
   ('10207', 'QUEILEN', '10', 'ADMIN', STR_TO_DATE('09/23/2011 08:30:22', '%m/%d/%Y %H:%i:%s'), 
    'V');
Insert into ADMIN.GG_TCIUDAD
   (COD_CIUDAD, NOM_CIUDAD, COD_REGION, COD_USUARI, FEC_AUDITA, 
    IND_ESTADO)
 Values
   ('10209', 'QUEMCHI', '10', 'ADMIN', STR_TO_DATE('09/23/2011 08:30:22', '%m/%d/%Y %H:%i:%s'), 
    'V');
Insert into ADMIN.GG_TCIUDAD
   (COD_CIUDAD, NOM_CIUDAD, COD_REGION, COD_USUARI, FEC_AUDITA, 
    IND_ESTADO)
 Values
   ('10203', 'CHONCHI', '10', 'ADMIN', STR_TO_DATE('09/23/2011 08:30:22', '%m/%d/%Y %H:%i:%s'), 
    'V');
Insert into ADMIN.GG_TCIUDAD
   (COD_CIUDAD, NOM_CIUDAD, COD_REGION, COD_USUARI, FEC_AUDITA, 
    IND_ESTADO)
 Values
   ('10205', 'DALCAHUE', '10', 'ADMIN', STR_TO_DATE('09/23/2011 08:30:22', '%m/%d/%Y %H:%i:%s'), 
    'V');
Insert into ADMIN.GG_TCIUDAD
   (COD_CIUDAD, NOM_CIUDAD, COD_REGION, COD_USUARI, FEC_AUDITA, 
    IND_ESTADO)
 Values
   ('10206', 'PUQUELDON', '10', 'ADMIN', STR_TO_DATE('09/23/2011 08:30:22', '%m/%d/%Y %H:%i:%s'), 
    'V');
Insert into ADMIN.GG_TCIUDAD
   (COD_CIUDAD, NOM_CIUDAD, COD_REGION, COD_USUARI, FEC_AUDITA, 
    IND_ESTADO)
 Values
   ('10204', 'CURACO DE VELEZ', '10', 'ADMIN', STR_TO_DATE('09/23/2011 08:30:22', '%m/%d/%Y %H:%i:%s'), 
    'V');
Insert into ADMIN.GG_TCIUDAD
   (COD_CIUDAD, NOM_CIUDAD, COD_REGION, COD_USUARI, FEC_AUDITA, 
    IND_ESTADO)
 Values
   ('13601', 'TALAGANTE', '13', 'ADMIN', STR_TO_DATE('09/23/2011 08:30:22', '%m/%d/%Y %H:%i:%s'), 
    'V');
Insert into ADMIN.GG_TCIUDAD
   (COD_CIUDAD, NOM_CIUDAD, COD_REGION, COD_USUARI, FEC_AUDITA, 
    IND_ESTADO)
 Values
   ('15101', 'ARICA', '15', 'ADMIN', STR_TO_DATE('09/23/2011 08:30:22', '%m/%d/%Y %H:%i:%s'), 
    'V');
Insert into ADMIN.GG_TCIUDAD
   (COD_CIUDAD, NOM_CIUDAD, COD_REGION, COD_USUARI, FEC_AUDITA, 
    IND_ESTADO)
 Values
   ('15201', 'PUTRE', '15', 'ADMIN', STR_TO_DATE('09/23/2011 08:30:22', '%m/%d/%Y %H:%i:%s'), 
    'V');
Insert into ADMIN.GG_TCIUDAD
   (COD_CIUDAD, NOM_CIUDAD, COD_REGION, COD_USUARI, FEC_AUDITA, 
    IND_ESTADO)
 Values
   ('15202', 'GENERAL LAGOS', '15', 'ADMIN', STR_TO_DATE('09/23/2011 08:30:22', '%m/%d/%Y %H:%i:%s'), 
    'V');
Insert into ADMIN.GG_TCIUDAD
   (COD_CIUDAD, NOM_CIUDAD, COD_REGION, COD_USUARI, FEC_AUDITA, 
    IND_ESTADO)
 Values
   ('15102', 'CAMARONES', '15', 'ADMIN', STR_TO_DATE('09/23/2011 08:30:22', '%m/%d/%Y %H:%i:%s'), 
    'V');
Insert into ADMIN.GG_TCIUDAD
   (COD_CIUDAD, NOM_CIUDAD, COD_REGION, COD_USUARI, FEC_AUDITA, 
    IND_ESTADO)
 Values
   ('1101', 'IQUIQUE', '01', 'ADMIN', STR_TO_DATE('09/23/2011 08:30:22', '%m/%d/%Y %H:%i:%s'), 
    'V');
Insert into ADMIN.GG_TCIUDAD
   (COD_CIUDAD, NOM_CIUDAD, COD_REGION, COD_USUARI, FEC_AUDITA, 
    IND_ESTADO)
 Values
   ('1401', 'POZO ALMONTE', '01', 'ADMIN', STR_TO_DATE('09/23/2011 08:30:22', '%m/%d/%Y %H:%i:%s'), 
    'V');
Insert into ADMIN.GG_TCIUDAD
   (COD_CIUDAD, NOM_CIUDAD, COD_REGION, COD_USUARI, FEC_AUDITA, 
    IND_ESTADO)
 Values
   ('1405', 'PICA', '01', 'ADMIN', STR_TO_DATE('09/23/2011 08:30:22', '%m/%d/%Y %H:%i:%s'), 
    'V');
Insert into ADMIN.GG_TCIUDAD
   (COD_CIUDAD, NOM_CIUDAD, COD_REGION, COD_USUARI, FEC_AUDITA, 
    IND_ESTADO)
 Values
   ('1107', 'ALTO HOSPICIO', '01', 'ADMIN', STR_TO_DATE('09/23/2011 08:30:22', '%m/%d/%Y %H:%i:%s'), 
    'V');
Insert into ADMIN.GG_TCIUDAD
   (COD_CIUDAD, NOM_CIUDAD, COD_REGION, COD_USUARI, FEC_AUDITA, 
    IND_ESTADO)
 Values
   ('1404', 'HUARA', '01', 'ADMIN', STR_TO_DATE('09/23/2011 08:30:22', '%m/%d/%Y %H:%i:%s'), 
    'V');
Insert into ADMIN.GG_TCIUDAD
   (COD_CIUDAD, NOM_CIUDAD, COD_REGION, COD_USUARI, FEC_AUDITA, 
    IND_ESTADO)
 Values
   ('1402', 'CAMIÑA', '01', 'ADMIN', STR_TO_DATE('09/23/2011 08:30:22', '%m/%d/%Y %H:%i:%s'), 
    'V');
Insert into ADMIN.GG_TCIUDAD
   (COD_CIUDAD, NOM_CIUDAD, COD_REGION, COD_USUARI, FEC_AUDITA, 
    IND_ESTADO)
 Values
   ('1403', 'COLCHANE', '01', 'ADMIN', STR_TO_DATE('09/23/2011 08:30:22', '%m/%d/%Y %H:%i:%s'), 
    'V');
Insert into ADMIN.GG_TCIUDAD
   (COD_CIUDAD, NOM_CIUDAD, COD_REGION, COD_USUARI, FEC_AUDITA, 
    IND_ESTADO)
 Values
   ('2101', 'ANTOFAGASTA', '02', 'ADMIN', STR_TO_DATE('09/23/2011 08:30:22', '%m/%d/%Y %H:%i:%s'), 
    'V');
Insert into ADMIN.GG_TCIUDAD
   (COD_CIUDAD, NOM_CIUDAD, COD_REGION, COD_USUARI, FEC_AUDITA, 
    IND_ESTADO)
 Values
   ('2201', 'CALAMA', '02', 'ADMIN', STR_TO_DATE('09/23/2011 08:30:22', '%m/%d/%Y %H:%i:%s'), 
    'V');
Insert into ADMIN.GG_TCIUDAD
   (COD_CIUDAD, NOM_CIUDAD, COD_REGION, COD_USUARI, FEC_AUDITA, 
    IND_ESTADO)
 Values
   ('2301', 'TOCOPILLA', '02', 'ADMIN', STR_TO_DATE('09/23/2011 08:30:22', '%m/%d/%Y %H:%i:%s'), 
    'V');
Insert into ADMIN.GG_TCIUDAD
   (COD_CIUDAD, NOM_CIUDAD, COD_REGION, COD_USUARI, FEC_AUDITA, 
    IND_ESTADO)
 Values
   ('2104', 'TALTAL', '02', 'ADMIN', STR_TO_DATE('09/23/2011 08:30:22', '%m/%d/%Y %H:%i:%s'), 
    'V');
Insert into ADMIN.GG_TCIUDAD
   (COD_CIUDAD, NOM_CIUDAD, COD_REGION, COD_USUARI, FEC_AUDITA, 
    IND_ESTADO)
 Values
   ('2102', 'MEJILLONES', '02', 'ADMIN', STR_TO_DATE('09/23/2011 08:30:22', '%m/%d/%Y %H:%i:%s'), 
    'V');
Insert into ADMIN.GG_TCIUDAD
   (COD_CIUDAD, NOM_CIUDAD, COD_REGION, COD_USUARI, FEC_AUDITA, 
    IND_ESTADO)
 Values
   ('2302', 'MARIA ELENA', '02', 'ADMIN', STR_TO_DATE('09/23/2011 08:30:22', '%m/%d/%Y %H:%i:%s'), 
    'V');
Insert into ADMIN.GG_TCIUDAD
   (COD_CIUDAD, NOM_CIUDAD, COD_REGION, COD_USUARI, FEC_AUDITA, 
    IND_ESTADO)
 Values
   ('2203', 'SAN PEDRO DE ATACAMA', '02', 'ADMIN', STR_TO_DATE('09/23/2011 08:30:22', '%m/%d/%Y %H:%i:%s'), 
    'V');
Insert into ADMIN.GG_TCIUDAD
   (COD_CIUDAD, NOM_CIUDAD, COD_REGION, COD_USUARI, FEC_AUDITA, 
    IND_ESTADO)
 Values
   ('2103', 'SIERRA GORDA', '02', 'ADMIN', STR_TO_DATE('09/23/2011 08:30:22', '%m/%d/%Y %H:%i:%s'), 
    'V');
Insert into ADMIN.GG_TCIUDAD
   (COD_CIUDAD, NOM_CIUDAD, COD_REGION, COD_USUARI, FEC_AUDITA, 
    IND_ESTADO)
 Values
   ('2202', 'OLLAGÜE', '02', 'ADMIN', STR_TO_DATE('09/23/2011 08:30:22', '%m/%d/%Y %H:%i:%s'), 
    'V');
Insert into ADMIN.GG_TCIUDAD
   (COD_CIUDAD, NOM_CIUDAD, COD_REGION, COD_USUARI, FEC_AUDITA, 
    IND_ESTADO)
 Values
   ('3101', 'COPIAPO', '03', 'ADMIN', STR_TO_DATE('09/23/2011 08:30:22', '%m/%d/%Y %H:%i:%s'), 
    'V');
Insert into ADMIN.GG_TCIUDAD
   (COD_CIUDAD, NOM_CIUDAD, COD_REGION, COD_USUARI, FEC_AUDITA, 
    IND_ESTADO)
 Values
   ('3201', 'CHAÑARAL', '03', 'ADMIN', STR_TO_DATE('09/23/2011 08:30:22', '%m/%d/%Y %H:%i:%s'), 
    'V');
Insert into ADMIN.GG_TCIUDAD
   (COD_CIUDAD, NOM_CIUDAD, COD_REGION, COD_USUARI, FEC_AUDITA, 
    IND_ESTADO)
 Values
   ('3202', 'DIEGO DE ALMAGRO', '03', 'ADMIN', STR_TO_DATE('09/23/2011 08:30:22', '%m/%d/%Y %H:%i:%s'), 
    'V');
Insert into ADMIN.GG_TCIUDAD
   (COD_CIUDAD, NOM_CIUDAD, COD_REGION, COD_USUARI, FEC_AUDITA, 
    IND_ESTADO)
 Values
   ('3301', 'VALLENAR', '03', 'ADMIN', STR_TO_DATE('09/23/2011 08:30:22', '%m/%d/%Y %H:%i:%s'), 
    'V');
Insert into ADMIN.GG_TCIUDAD
   (COD_CIUDAD, NOM_CIUDAD, COD_REGION, COD_USUARI, FEC_AUDITA, 
    IND_ESTADO)
 Values
   ('3304', 'HUASCO', '03', 'ADMIN', STR_TO_DATE('09/23/2011 08:30:22', '%m/%d/%Y %H:%i:%s'), 
    'V');
Insert into ADMIN.GG_TCIUDAD
   (COD_CIUDAD, NOM_CIUDAD, COD_REGION, COD_USUARI, FEC_AUDITA, 
    IND_ESTADO)
 Values
   ('3102', 'CALDERA', '03', 'ADMIN', STR_TO_DATE('09/23/2011 08:30:22', '%m/%d/%Y %H:%i:%s'), 
    'V');
Insert into ADMIN.GG_TCIUDAD
   (COD_CIUDAD, NOM_CIUDAD, COD_REGION, COD_USUARI, FEC_AUDITA, 
    IND_ESTADO)
 Values
   ('3103', 'TIERRA AMARILLA', '03', 'ADMIN', STR_TO_DATE('09/23/2011 08:30:22', '%m/%d/%Y %H:%i:%s'), 
    'V');
Insert into ADMIN.GG_TCIUDAD
   (COD_CIUDAD, NOM_CIUDAD, COD_REGION, COD_USUARI, FEC_AUDITA, 
    IND_ESTADO)
 Values
   ('3303', 'FREIRINA', '03', 'ADMIN', STR_TO_DATE('09/23/2011 08:30:22', '%m/%d/%Y %H:%i:%s'), 
    'V');
Insert into ADMIN.GG_TCIUDAD
   (COD_CIUDAD, NOM_CIUDAD, COD_REGION, COD_USUARI, FEC_AUDITA, 
    IND_ESTADO)
 Values
   ('3302', 'ALTO DEL CARMEN', '03', 'ADMIN', STR_TO_DATE('09/23/2011 08:30:22', '%m/%d/%Y %H:%i:%s'), 
    'V');
Insert into ADMIN.GG_TCIUDAD
   (COD_CIUDAD, NOM_CIUDAD, COD_REGION, COD_USUARI, FEC_AUDITA, 
    IND_ESTADO)
 Values
   ('4303', 'MONTE PATRIA', '04', 'ADMIN', STR_TO_DATE('09/23/2011 08:30:22', '%m/%d/%Y %H:%i:%s'), 
    'V');
Insert into ADMIN.GG_TCIUDAD
   (COD_CIUDAD, NOM_CIUDAD, COD_REGION, COD_USUARI, FEC_AUDITA, 
    IND_ESTADO)
 Values
   ('4101', 'LA SERENA', '04', 'ADMIN', STR_TO_DATE('09/23/2011 08:30:22', '%m/%d/%Y %H:%i:%s'), 
    'V');
Insert into ADMIN.GG_TCIUDAD
   (COD_CIUDAD, NOM_CIUDAD, COD_REGION, COD_USUARI, FEC_AUDITA, 
    IND_ESTADO)
 Values
   ('4102', 'COQUIMBO', '04', 'ADMIN', STR_TO_DATE('09/23/2011 08:30:22', '%m/%d/%Y %H:%i:%s'), 
    'V');
Insert into ADMIN.GG_TCIUDAD
   (COD_CIUDAD, NOM_CIUDAD, COD_REGION, COD_USUARI, FEC_AUDITA, 
    IND_ESTADO)
 Values
   ('4301', 'OVALLE', '04', 'ADMIN', STR_TO_DATE('09/23/2011 08:30:22', '%m/%d/%Y %H:%i:%s'), 
    'V');
Insert into ADMIN.GG_TCIUDAD
   (COD_CIUDAD, NOM_CIUDAD, COD_REGION, COD_USUARI, FEC_AUDITA, 
    IND_ESTADO)
 Values
   ('4201', 'ILLAPEL', '04', 'ADMIN', STR_TO_DATE('09/23/2011 08:30:22', '%m/%d/%Y %H:%i:%s'), 
    'V');
Insert into ADMIN.GG_TCIUDAD
   (COD_CIUDAD, NOM_CIUDAD, COD_REGION, COD_USUARI, FEC_AUDITA, 
    IND_ESTADO)
 Values
   ('4204', 'SALAMANCA', '04', 'ADMIN', STR_TO_DATE('09/23/2011 08:30:22', '%m/%d/%Y %H:%i:%s'), 
    'V');
Insert into ADMIN.GG_TCIUDAD
   (COD_CIUDAD, NOM_CIUDAD, COD_REGION, COD_USUARI, FEC_AUDITA, 
    IND_ESTADO)
 Values
   ('4302', 'COMBARBALA', '04', 'ADMIN', STR_TO_DATE('09/23/2011 08:30:22', '%m/%d/%Y %H:%i:%s'), 
    'V');
Insert into ADMIN.GG_TCIUDAD
   (COD_CIUDAD, NOM_CIUDAD, COD_REGION, COD_USUARI, FEC_AUDITA, 
    IND_ESTADO)
 Values
   ('4103', 'ANDACOLLO', '04', 'ADMIN', STR_TO_DATE('09/23/2011 08:30:22', '%m/%d/%Y %H:%i:%s'), 
    'V');
Insert into ADMIN.GG_TCIUDAD
   (COD_CIUDAD, NOM_CIUDAD, COD_REGION, COD_USUARI, FEC_AUDITA, 
    IND_ESTADO)
 Values
   ('4106', 'VICUÑA', '04', 'ADMIN', STR_TO_DATE('09/23/2011 08:30:22', '%m/%d/%Y %H:%i:%s'), 
    'V');
Insert into ADMIN.GG_TCIUDAD
   (COD_CIUDAD, NOM_CIUDAD, COD_REGION, COD_USUARI, FEC_AUDITA, 
    IND_ESTADO)
 Values
   ('4203', 'LOS VILOS', '04', 'ADMIN', STR_TO_DATE('09/23/2011 08:30:22', '%m/%d/%Y %H:%i:%s'), 
    'V');
Insert into ADMIN.GG_TCIUDAD
   (COD_CIUDAD, NOM_CIUDAD, COD_REGION, COD_USUARI, FEC_AUDITA, 
    IND_ESTADO)
 Values
   ('4105', 'PAIGUANO', '04', 'ADMIN', STR_TO_DATE('09/23/2011 08:30:22', '%m/%d/%Y %H:%i:%s'), 
    'V');
Insert into ADMIN.GG_TCIUDAD
   (COD_CIUDAD, NOM_CIUDAD, COD_REGION, COD_USUARI, FEC_AUDITA, 
    IND_ESTADO)
 Values
   ('4304', 'PUNITAQUI', '04', 'ADMIN', STR_TO_DATE('09/23/2011 08:30:22', '%m/%d/%Y %H:%i:%s'), 
    'V');
Insert into ADMIN.GG_TCIUDAD
   (COD_CIUDAD, NOM_CIUDAD, COD_REGION, COD_USUARI, FEC_AUDITA, 
    IND_ESTADO)
 Values
   ('4202', 'CANELA', '04', 'ADMIN', STR_TO_DATE('09/23/2011 08:30:22', '%m/%d/%Y %H:%i:%s'), 
    'V');
Insert into ADMIN.GG_TCIUDAD
   (COD_CIUDAD, NOM_CIUDAD, COD_REGION, COD_USUARI, FEC_AUDITA, 
    IND_ESTADO)
 Values
   ('4305', 'RIO HURTADO', '04', 'ADMIN', STR_TO_DATE('09/23/2011 08:30:22', '%m/%d/%Y %H:%i:%s'), 
    'V');
Insert into ADMIN.GG_TCIUDAD
   (COD_CIUDAD, NOM_CIUDAD, COD_REGION, COD_USUARI, FEC_AUDITA, 
    IND_ESTADO)
 Values
   ('4104', 'LA HIGUERA', '04', 'ADMIN', STR_TO_DATE('09/23/2011 08:30:22', '%m/%d/%Y %H:%i:%s'), 
    'V');
Insert into ADMIN.GG_TCIUDAD
   (COD_CIUDAD, NOM_CIUDAD, COD_REGION, COD_USUARI, FEC_AUDITA, 
    IND_ESTADO)
 Values
   ('5101', 'VALPARAISO', '05', 'ADMIN', STR_TO_DATE('09/23/2011 08:30:22', '%m/%d/%Y %H:%i:%s'), 
    'V');
Insert into ADMIN.GG_TCIUDAD
   (COD_CIUDAD, NOM_CIUDAD, COD_REGION, COD_USUARI, FEC_AUDITA, 
    IND_ESTADO)
 Values
   ('5601', 'SAN ANTONIO', '05', 'ADMIN', STR_TO_DATE('09/23/2011 08:30:22', '%m/%d/%Y %H:%i:%s'), 
    'V');
Insert into ADMIN.GG_TCIUDAD
   (COD_CIUDAD, NOM_CIUDAD, COD_REGION, COD_USUARI, FEC_AUDITA, 
    IND_ESTADO)
 Values
   ('5102', 'CASABLANCA', '05', 'ADMIN', STR_TO_DATE('09/23/2011 08:30:22', '%m/%d/%Y %H:%i:%s'), 
    'V');
Insert into ADMIN.GG_TCIUDAD
   (COD_CIUDAD, NOM_CIUDAD, COD_REGION, COD_USUARI, FEC_AUDITA, 
    IND_ESTADO)
 Values
   ('5603', 'CARTAGENA', '05', 'ADMIN', STR_TO_DATE('09/23/2011 08:30:22', '%m/%d/%Y %H:%i:%s'), 
    'V');
Insert into ADMIN.GG_TCIUDAD
   (COD_CIUDAD, NOM_CIUDAD, COD_REGION, COD_USUARI, FEC_AUDITA, 
    IND_ESTADO)
 Values
   ('5602', 'ALGARROBO', '05', 'ADMIN', STR_TO_DATE('09/23/2011 08:30:22', '%m/%d/%Y %H:%i:%s'), 
    'V');
Insert into ADMIN.GG_TCIUDAD
   (COD_CIUDAD, NOM_CIUDAD, COD_REGION, COD_USUARI, FEC_AUDITA, 
    IND_ESTADO)
 Values
   ('5604', 'EL QUISCO', '05', 'ADMIN', STR_TO_DATE('09/23/2011 08:30:22', '%m/%d/%Y %H:%i:%s'), 
    'V');
Insert into ADMIN.GG_TCIUDAD
   (COD_CIUDAD, NOM_CIUDAD, COD_REGION, COD_USUARI, FEC_AUDITA, 
    IND_ESTADO)
 Values
   ('5606', 'SANTO DOMINGO', '05', 'ADMIN', STR_TO_DATE('09/23/2011 08:30:22', '%m/%d/%Y %H:%i:%s'), 
    'V');
Insert into ADMIN.GG_TCIUDAD
   (COD_CIUDAD, NOM_CIUDAD, COD_REGION, COD_USUARI, FEC_AUDITA, 
    IND_ESTADO)
 Values
   ('5605', 'EL TABO', '05', 'ADMIN', STR_TO_DATE('09/23/2011 08:30:22', '%m/%d/%Y %H:%i:%s'), 
    'V');
Insert into ADMIN.GG_TCIUDAD
   (COD_CIUDAD, NOM_CIUDAD, COD_REGION, COD_USUARI, FEC_AUDITA, 
    IND_ESTADO)
 Values
   ('5104', 'JUAN FERNANDEZ', '05', 'ADMIN', STR_TO_DATE('09/23/2011 08:30:22', '%m/%d/%Y %H:%i:%s'), 
    'V');
Insert into ADMIN.GG_TCIUDAD
   (COD_CIUDAD, NOM_CIUDAD, COD_REGION, COD_USUARI, FEC_AUDITA, 
    IND_ESTADO)
 Values
   ('5109', 'VIÑA DEL MAR', '05', 'ADMIN', STR_TO_DATE('09/23/2011 08:30:22', '%m/%d/%Y %H:%i:%s'), 
    'V');
Insert into ADMIN.GG_TCIUDAD
   (COD_CIUDAD, NOM_CIUDAD, COD_REGION, COD_USUARI, FEC_AUDITA, 
    IND_ESTADO)
 Values
   ('5501', 'QUILLOTA', '05', 'ADMIN', STR_TO_DATE('09/23/2011 08:30:22', '%m/%d/%Y %H:%i:%s'), 
    'V');
Insert into ADMIN.GG_TCIUDAD
   (COD_CIUDAD, NOM_CIUDAD, COD_REGION, COD_USUARI, FEC_AUDITA, 
    IND_ESTADO)
 Values
   ('5106', 'QUILPUE', '05', 'ADMIN', STR_TO_DATE('09/23/2011 08:30:22', '%m/%d/%Y %H:%i:%s'), 
    'V');
Insert into ADMIN.GG_TCIUDAD
   (COD_CIUDAD, NOM_CIUDAD, COD_REGION, COD_USUARI, FEC_AUDITA, 
    IND_ESTADO)
 Values
   ('5502', 'CALERA', '05', 'ADMIN', STR_TO_DATE('09/23/2011 08:30:22', '%m/%d/%Y %H:%i:%s'), 
    'V');
Insert into ADMIN.GG_TCIUDAD
   (COD_CIUDAD, NOM_CIUDAD, COD_REGION, COD_USUARI, FEC_AUDITA, 
    IND_ESTADO)
 Values
   ('5505', 'LIMACHE', '05', 'ADMIN', STR_TO_DATE('09/23/2011 08:30:22', '%m/%d/%Y %H:%i:%s'), 
    'V');
Insert into ADMIN.GG_TCIUDAD
   (COD_CIUDAD, NOM_CIUDAD, COD_REGION, COD_USUARI, FEC_AUDITA, 
    IND_ESTADO)
 Values
   ('5401', 'LA LIGUA', '05', 'ADMIN', STR_TO_DATE('09/23/2011 08:30:22', '%m/%d/%Y %H:%i:%s'), 
    'V');
Insert into ADMIN.GG_TCIUDAD
   (COD_CIUDAD, NOM_CIUDAD, COD_REGION, COD_USUARI, FEC_AUDITA, 
    IND_ESTADO)
 Values
   ('5402', 'CABILDO', '05', 'ADMIN', STR_TO_DATE('09/23/2011 08:30:22', '%m/%d/%Y %H:%i:%s'), 
    'V');
Insert into ADMIN.GG_TCIUDAD
   (COD_CIUDAD, NOM_CIUDAD, COD_REGION, COD_USUARI, FEC_AUDITA, 
    IND_ESTADO)
 Values
   ('5404', 'PETORCA', '05', 'ADMIN', STR_TO_DATE('09/23/2011 08:30:22', '%m/%d/%Y %H:%i:%s'), 
    'V');
Insert into ADMIN.GG_TCIUDAD
   (COD_CIUDAD, NOM_CIUDAD, COD_REGION, COD_USUARI, FEC_AUDITA, 
    IND_ESTADO)
 Values
   ('5107', 'QUINTERO', '05', 'ADMIN', STR_TO_DATE('09/23/2011 08:30:22', '%m/%d/%Y %H:%i:%s'), 
    'V');
Insert into ADMIN.GG_TCIUDAD
   (COD_CIUDAD, NOM_CIUDAD, COD_REGION, COD_USUARI, FEC_AUDITA, 
    IND_ESTADO)
 Values
   ('5108', 'VILLA ALEMANA', '05', 'ADMIN', STR_TO_DATE('09/23/2011 08:30:22', '%m/%d/%Y %H:%i:%s'), 
    'V');
Insert into ADMIN.GG_TCIUDAD
   (COD_CIUDAD, NOM_CIUDAD, COD_REGION, COD_USUARI, FEC_AUDITA, 
    IND_ESTADO)
 Values
   ('5103', 'CON CON', '05', 'ADMIN', STR_TO_DATE('09/23/2011 08:30:22', '%m/%d/%Y %H:%i:%s'), 
    'V');
Insert into ADMIN.GG_TCIUDAD
   (COD_CIUDAD, NOM_CIUDAD, COD_REGION, COD_USUARI, FEC_AUDITA, 
    IND_ESTADO)
 Values
   ('5504', 'LA CRUZ', '05', 'ADMIN', STR_TO_DATE('09/23/2011 08:30:22', '%m/%d/%Y %H:%i:%s'), 
    'V');
Insert into ADMIN.GG_TCIUDAD
   (COD_CIUDAD, NOM_CIUDAD, COD_REGION, COD_USUARI, FEC_AUDITA, 
    IND_ESTADO)
 Values
   ('5105', 'PUCHUNCAVI', '05', 'ADMIN', STR_TO_DATE('09/23/2011 08:30:22', '%m/%d/%Y %H:%i:%s'), 
    'V');
Insert into ADMIN.GG_TCIUDAD
   (COD_CIUDAD, NOM_CIUDAD, COD_REGION, COD_USUARI, FEC_AUDITA, 
    IND_ESTADO)
 Values
   ('5507', 'OLMUE', '05', 'ADMIN', STR_TO_DATE('09/23/2011 08:30:22', '%m/%d/%Y %H:%i:%s'), 
    'V');
Insert into ADMIN.GG_TCIUDAD
   (COD_CIUDAD, NOM_CIUDAD, COD_REGION, COD_USUARI, FEC_AUDITA, 
    IND_ESTADO)
 Values
   ('5503', 'HIJUELAS', '05', 'ADMIN', STR_TO_DATE('09/23/2011 08:30:22', '%m/%d/%Y %H:%i:%s'), 
    'V');
Insert into ADMIN.GG_TCIUDAD
   (COD_CIUDAD, NOM_CIUDAD, COD_REGION, COD_USUARI, FEC_AUDITA, 
    IND_ESTADO)
 Values
   ('5506', 'NOGALES', '05', 'ADMIN', STR_TO_DATE('09/23/2011 08:30:22', '%m/%d/%Y %H:%i:%s'), 
    'V');
Insert into ADMIN.GG_TCIUDAD
   (COD_CIUDAD, NOM_CIUDAD, COD_REGION, COD_USUARI, FEC_AUDITA, 
    IND_ESTADO)
 Values
   ('5403', 'PAPUDO', '05', 'ADMIN', STR_TO_DATE('09/23/2011 08:30:22', '%m/%d/%Y %H:%i:%s'), 
    'V');
Insert into ADMIN.GG_TCIUDAD
   (COD_CIUDAD, NOM_CIUDAD, COD_REGION, COD_USUARI, FEC_AUDITA, 
    IND_ESTADO)
 Values
   ('5405', 'ZAPALLAR', '05', 'ADMIN', STR_TO_DATE('09/23/2011 08:30:22', '%m/%d/%Y %H:%i:%s'), 
    'V');
Insert into ADMIN.GG_TCIUDAD
   (COD_CIUDAD, NOM_CIUDAD, COD_REGION, COD_USUARI, FEC_AUDITA, 
    IND_ESTADO)
 Values
   ('5301', 'LOS ANDES', '05', 'ADMIN', STR_TO_DATE('09/23/2011 08:30:22', '%m/%d/%Y %H:%i:%s'), 
    'V');
Insert into ADMIN.GG_TCIUDAD
   (COD_CIUDAD, NOM_CIUDAD, COD_REGION, COD_USUARI, FEC_AUDITA, 
    IND_ESTADO)
 Values
   ('5701', 'SAN FELIPE', '05', 'ADMIN', STR_TO_DATE('09/23/2011 08:30:22', '%m/%d/%Y %H:%i:%s'), 
    'V');
Insert into ADMIN.GG_TCIUDAD
   (COD_CIUDAD, NOM_CIUDAD, COD_REGION, COD_USUARI, FEC_AUDITA, 
    IND_ESTADO)
 Values
   ('5703', 'LLAILLAY', '05', 'ADMIN', STR_TO_DATE('09/23/2011 08:30:22', '%m/%d/%Y %H:%i:%s'), 
    'V');
Insert into ADMIN.GG_TCIUDAD
   (COD_CIUDAD, NOM_CIUDAD, COD_REGION, COD_USUARI, FEC_AUDITA, 
    IND_ESTADO)
 Values
   ('5705', 'PUTAENDO', '05', 'ADMIN', STR_TO_DATE('09/23/2011 08:30:22', '%m/%d/%Y %H:%i:%s'), 
    'V');
Insert into ADMIN.GG_TCIUDAD
   (COD_CIUDAD, NOM_CIUDAD, COD_REGION, COD_USUARI, FEC_AUDITA, 
    IND_ESTADO)
 Values
   ('5303', 'RINCONADA', '05', 'ADMIN', STR_TO_DATE('09/23/2011 08:30:22', '%m/%d/%Y %H:%i:%s'), 
    'V');
Insert into ADMIN.GG_TCIUDAD
   (COD_CIUDAD, NOM_CIUDAD, COD_REGION, COD_USUARI, FEC_AUDITA, 
    IND_ESTADO)
 Values
   ('5304', 'SAN ESTEBAN', '05', 'ADMIN', STR_TO_DATE('09/23/2011 08:30:22', '%m/%d/%Y %H:%i:%s'), 
    'V');
Insert into ADMIN.GG_TCIUDAD
   (COD_CIUDAD, NOM_CIUDAD, COD_REGION, COD_USUARI, FEC_AUDITA, 
    IND_ESTADO)
 Values
   ('5702', 'CATEMU', '05', 'ADMIN', STR_TO_DATE('09/23/2011 08:30:22', '%m/%d/%Y %H:%i:%s'), 
    'V');
Insert into ADMIN.GG_TCIUDAD
   (COD_CIUDAD, NOM_CIUDAD, COD_REGION, COD_USUARI, FEC_AUDITA, 
    IND_ESTADO)
 Values
   ('5302', 'CALLE LARGA', '05', 'ADMIN', STR_TO_DATE('09/23/2011 08:30:22', '%m/%d/%Y %H:%i:%s'), 
    'V');
Insert into ADMIN.GG_TCIUDAD
   (COD_CIUDAD, NOM_CIUDAD, COD_REGION, COD_USUARI, FEC_AUDITA, 
    IND_ESTADO)
 Values
   ('5706', 'SANTA MARIA', '05', 'ADMIN', STR_TO_DATE('09/23/2011 08:30:22', '%m/%d/%Y %H:%i:%s'), 
    'V');
Insert into ADMIN.GG_TCIUDAD
   (COD_CIUDAD, NOM_CIUDAD, COD_REGION, COD_USUARI, FEC_AUDITA, 
    IND_ESTADO)
 Values
   ('5704', 'PANQUEHUE', '05', 'ADMIN', STR_TO_DATE('09/23/2011 08:30:22', '%m/%d/%Y %H:%i:%s'), 
    'V');
Insert into ADMIN.GG_TCIUDAD
   (COD_CIUDAD, NOM_CIUDAD, COD_REGION, COD_USUARI, FEC_AUDITA, 
    IND_ESTADO)
 Values
   ('13303', 'TILTIL', '13', 'ADMIN', STR_TO_DATE('09/23/2011 08:30:22', '%m/%d/%Y %H:%i:%s'), 
    'V');
Insert into ADMIN.GG_TCIUDAD
   (COD_CIUDAD, NOM_CIUDAD, COD_REGION, COD_USUARI, FEC_AUDITA, 
    IND_ESTADO)
 Values
   ('13108', 'INDEPENDENCIA', '13', 'ADMIN', STR_TO_DATE('09/23/2011 08:30:22', '%m/%d/%Y %H:%i:%s'), 
    'V');
Insert into ADMIN.GG_TCIUDAD
   (COD_CIUDAD, NOM_CIUDAD, COD_REGION, COD_USUARI, FEC_AUDITA, 
    IND_ESTADO)
 Values
   ('13127', 'RECOLETA', '13', 'ADMIN', STR_TO_DATE('09/23/2011 08:30:22', '%m/%d/%Y %H:%i:%s'), 
    'V');
Insert into ADMIN.GG_TCIUDAD
   (COD_CIUDAD, NOM_CIUDAD, COD_REGION, COD_USUARI, FEC_AUDITA, 
    IND_ESTADO)
 Values
   ('13104', 'CONCHALI', '13', 'ADMIN', STR_TO_DATE('09/23/2011 08:30:22', '%m/%d/%Y %H:%i:%s'), 
    'V');
Insert into ADMIN.GG_TCIUDAD
   (COD_CIUDAD, NOM_CIUDAD, COD_REGION, COD_USUARI, FEC_AUDITA, 
    IND_ESTADO)
 Values
   ('13107', 'HUECHURABA', '13', 'ADMIN', STR_TO_DATE('09/23/2011 08:30:22', '%m/%d/%Y %H:%i:%s'), 
    'V');
Insert into ADMIN.GG_TCIUDAD
   (COD_CIUDAD, NOM_CIUDAD, COD_REGION, COD_USUARI, FEC_AUDITA, 
    IND_ESTADO)
 Values
   ('13301', 'COLINA', '13', 'ADMIN', STR_TO_DATE('09/23/2011 08:30:22', '%m/%d/%Y %H:%i:%s'), 
    'V');
Insert into ADMIN.GG_TCIUDAD
   (COD_CIUDAD, NOM_CIUDAD, COD_REGION, COD_USUARI, FEC_AUDITA, 
    IND_ESTADO)
 Values
   ('13302', 'LAMPA', '13', 'ADMIN', STR_TO_DATE('09/23/2011 08:30:22', '%m/%d/%Y %H:%i:%s'), 
    'V');
Insert into ADMIN.GG_TCIUDAD
   (COD_CIUDAD, NOM_CIUDAD, COD_REGION, COD_USUARI, FEC_AUDITA, 
    IND_ESTADO)
 Values
   ('13125', 'QUILICURA', '13', 'ADMIN', STR_TO_DATE('09/23/2011 08:30:22', '%m/%d/%Y %H:%i:%s'), 
    'V');
Insert into ADMIN.GG_TCIUDAD
   (COD_CIUDAD, NOM_CIUDAD, COD_REGION, COD_USUARI, FEC_AUDITA, 
    IND_ESTADO)
 Values
   ('13128', 'RENCA', '13', 'ADMIN', STR_TO_DATE('09/23/2011 08:30:22', '%m/%d/%Y %H:%i:%s'), 
    'V');
Insert into ADMIN.GG_TCIUDAD
   (COD_CIUDAD, NOM_CIUDAD, COD_REGION, COD_USUARI, FEC_AUDITA, 
    IND_ESTADO)
 Values
   ('13101', 'SANTIAGO', '13', 'ADMIN', STR_TO_DATE('09/23/2011 08:30:22', '%m/%d/%Y %H:%i:%s'), 
    'V');
Insert into ADMIN.GG_TCIUDAD
   (COD_CIUDAD, NOM_CIUDAD, COD_REGION, COD_USUARI, FEC_AUDITA, 
    IND_ESTADO)
 Values
   ('13126', 'QUINTA NORMAL', '13', 'ADMIN', STR_TO_DATE('09/23/2011 08:30:22', '%m/%d/%Y %H:%i:%s'), 
    'V');
Insert into ADMIN.GG_TCIUDAD
   (COD_CIUDAD, NOM_CIUDAD, COD_REGION, COD_USUARI, FEC_AUDITA, 
    IND_ESTADO)
 Values
   ('13605', 'PEÑAFLOR', '13', 'ADMIN', STR_TO_DATE('09/23/2011 08:30:22', '%m/%d/%Y %H:%i:%s'), 
    'V');
Insert into ADMIN.GG_TCIUDAD
   (COD_CIUDAD, NOM_CIUDAD, COD_REGION, COD_USUARI, FEC_AUDITA, 
    IND_ESTADO)
 Values
   ('13501', 'MELIPILLA', '13', 'ADMIN', STR_TO_DATE('09/23/2011 08:30:22', '%m/%d/%Y %H:%i:%s'), 
    'V');
Insert into ADMIN.GG_TCIUDAD
   (COD_CIUDAD, NOM_CIUDAD, COD_REGION, COD_USUARI, FEC_AUDITA, 
    IND_ESTADO)
 Values
   ('13503', 'CURACAVI', '13', 'ADMIN', STR_TO_DATE('09/23/2011 08:30:22', '%m/%d/%Y %H:%i:%s'), 
    'V');
Insert into ADMIN.GG_TCIUDAD
   (COD_CIUDAD, NOM_CIUDAD, COD_REGION, COD_USUARI, FEC_AUDITA, 
    IND_ESTADO)
 Values
   ('13124', 'PUDAHUEL', '13', 'ADMIN', STR_TO_DATE('09/23/2011 08:30:22', '%m/%d/%Y %H:%i:%s'), 
    'V');
Insert into ADMIN.GG_TCIUDAD
   (COD_CIUDAD, NOM_CIUDAD, COD_REGION, COD_USUARI, FEC_AUDITA, 
    IND_ESTADO)
 Values
   ('13117', 'LO PRADO', '13', 'ADMIN', STR_TO_DATE('09/23/2011 08:30:22', '%m/%d/%Y %H:%i:%s'), 
    'V');
Insert into ADMIN.GG_TCIUDAD
   (COD_CIUDAD, NOM_CIUDAD, COD_REGION, COD_USUARI, FEC_AUDITA, 
    IND_ESTADO)
 Values
   ('13103', 'CERRO NAVIA', '13', 'ADMIN', STR_TO_DATE('09/23/2011 08:30:22', '%m/%d/%Y %H:%i:%s'), 
    'V');
Insert into ADMIN.GG_TCIUDAD
   (COD_CIUDAD, NOM_CIUDAD, COD_REGION, COD_USUARI, FEC_AUDITA, 
    IND_ESTADO)
 Values
   ('13604', 'PADRE HURTADO', '13', 'ADMIN', STR_TO_DATE('09/23/2011 08:30:22', '%m/%d/%Y %H:%i:%s'), 
    'V');
Insert into ADMIN.GG_TCIUDAD
   (COD_CIUDAD, NOM_CIUDAD, COD_REGION, COD_USUARI, FEC_AUDITA, 
    IND_ESTADO)
 Values
   ('13602', 'EL MONTE', '13', 'ADMIN', STR_TO_DATE('09/23/2011 08:30:22', '%m/%d/%Y %H:%i:%s'), 
    'V');
Insert into ADMIN.GG_TCIUDAD
   (COD_CIUDAD, NOM_CIUDAD, COD_REGION, COD_USUARI, FEC_AUDITA, 
    IND_ESTADO)
 Values
   ('13603', 'ISLA DE MAIPO', '13', 'ADMIN', STR_TO_DATE('09/23/2011 08:30:22', '%m/%d/%Y %H:%i:%s'), 
    'V');
Insert into ADMIN.GG_TCIUDAD
   (COD_CIUDAD, NOM_CIUDAD, COD_REGION, COD_USUARI, FEC_AUDITA, 
    IND_ESTADO)
 Values
   ('13504', 'MARIA PINTO', '13', 'ADMIN', STR_TO_DATE('09/23/2011 08:30:22', '%m/%d/%Y %H:%i:%s'), 
    'V');
Insert into ADMIN.GG_TCIUDAD
   (COD_CIUDAD, NOM_CIUDAD, COD_REGION, COD_USUARI, FEC_AUDITA, 
    IND_ESTADO)
 Values
   ('13505', 'SAN PEDRO', '13', 'ADMIN', STR_TO_DATE('09/23/2011 08:30:22', '%m/%d/%Y %H:%i:%s'), 
    'V');
Insert into ADMIN.GG_TCIUDAD
   (COD_CIUDAD, NOM_CIUDAD, COD_REGION, COD_USUARI, FEC_AUDITA, 
    IND_ESTADO)
 Values
   ('13502', 'ALHUE', '13', 'ADMIN', STR_TO_DATE('09/23/2011 08:30:22', '%m/%d/%Y %H:%i:%s'), 
    'V');
Insert into ADMIN.GG_TCIUDAD
   (COD_CIUDAD, NOM_CIUDAD, COD_REGION, COD_USUARI, FEC_AUDITA, 
    IND_ESTADO)
 Values
   ('13106', 'ESTACION CENTRAL', '13', 'ADMIN', STR_TO_DATE('09/23/2011 08:30:22', '%m/%d/%Y %H:%i:%s'), 
    'V');
Insert into ADMIN.GG_TCIUDAD
   (COD_CIUDAD, NOM_CIUDAD, COD_REGION, COD_USUARI, FEC_AUDITA, 
    IND_ESTADO)
 Values
   ('13121', 'PEDRO AGUIRRE CERDA', '13', 'ADMIN', STR_TO_DATE('09/23/2011 08:30:22', '%m/%d/%Y %H:%i:%s'), 
    'V');
Insert into ADMIN.GG_TCIUDAD
   (COD_CIUDAD, NOM_CIUDAD, COD_REGION, COD_USUARI, FEC_AUDITA, 
    IND_ESTADO)
 Values
   ('13119', 'MAIPU', '13', 'ADMIN', STR_TO_DATE('09/23/2011 08:30:22', '%m/%d/%Y %H:%i:%s'), 
    'V');
Insert into ADMIN.GG_TCIUDAD
   (COD_CIUDAD, NOM_CIUDAD, COD_REGION, COD_USUARI, FEC_AUDITA, 
    IND_ESTADO)
 Values
   ('13102', 'CERRILLOS', '13', 'ADMIN', STR_TO_DATE('09/23/2011 08:30:22', '%m/%d/%Y %H:%i:%s'), 
    'V');
Insert into ADMIN.GG_TCIUDAD
   (COD_CIUDAD, NOM_CIUDAD, COD_REGION, COD_USUARI, FEC_AUDITA, 
    IND_ESTADO)
 Values
   ('13123', 'PROVIDENCIA', '13', 'ADMIN', STR_TO_DATE('09/23/2011 08:30:22', '%m/%d/%Y %H:%i:%s'), 
    'V');
Insert into ADMIN.GG_TCIUDAD
   (COD_CIUDAD, NOM_CIUDAD, COD_REGION, COD_USUARI, FEC_AUDITA, 
    IND_ESTADO)
 Values
   ('13122', 'PEÑALOLEN', '13', 'ADMIN', STR_TO_DATE('09/23/2011 08:30:22', '%m/%d/%Y %H:%i:%s'), 
    'V');
Insert into ADMIN.GG_TCIUDAD
   (COD_CIUDAD, NOM_CIUDAD, COD_REGION, COD_USUARI, FEC_AUDITA, 
    IND_ESTADO)
 Values
   ('5201', 'ISLA DE PASCUA', '05', 'ADMIN', STR_TO_DATE('09/23/2011 08:30:22', '%m/%d/%Y %H:%i:%s'), 
    'V');
Insert into ADMIN.GG_TCIUDAD
   (COD_CIUDAD, NOM_CIUDAD, COD_REGION, COD_USUARI, FEC_AUDITA, 
    IND_ESTADO)
 Values
   ('13114', 'LAS CONDES', '13', 'ADMIN', STR_TO_DATE('09/23/2011 08:30:22', '%m/%d/%Y %H:%i:%s'), 
    'V');
Insert into ADMIN.GG_TCIUDAD
   (COD_CIUDAD, NOM_CIUDAD, COD_REGION, COD_USUARI, FEC_AUDITA, 
    IND_ESTADO)
 Values
   ('13115', 'LO BARNECHEA', '13', 'ADMIN', STR_TO_DATE('09/23/2011 08:30:22', '%m/%d/%Y %H:%i:%s'), 
    'V');
Insert into ADMIN.GG_TCIUDAD
   (COD_CIUDAD, NOM_CIUDAD, COD_REGION, COD_USUARI, FEC_AUDITA, 
    IND_ESTADO)
 Values
   ('13132', 'VITACURA', '13', 'ADMIN', STR_TO_DATE('09/23/2011 08:30:22', '%m/%d/%Y %H:%i:%s'), 
    'V');
Insert into ADMIN.GG_TCIUDAD
   (COD_CIUDAD, NOM_CIUDAD, COD_REGION, COD_USUARI, FEC_AUDITA, 
    IND_ESTADO)
 Values
   ('13120', 'ÑUÑOA', '13', 'ADMIN', STR_TO_DATE('09/23/2011 08:30:22', '%m/%d/%Y %H:%i:%s'), 
    'V');
Insert into ADMIN.GG_TCIUDAD
   (COD_CIUDAD, NOM_CIUDAD, COD_REGION, COD_USUARI, FEC_AUDITA, 
    IND_ESTADO)
 Values
   ('13118', 'MACUL', '13', 'ADMIN', STR_TO_DATE('09/23/2011 08:30:22', '%m/%d/%Y %H:%i:%s'), 
    'V');
Insert into ADMIN.GG_TCIUDAD
   (COD_CIUDAD, NOM_CIUDAD, COD_REGION, COD_USUARI, FEC_AUDITA, 
    IND_ESTADO)
 Values
   ('13113', 'LA REINA', '13', 'ADMIN', STR_TO_DATE('09/23/2011 08:30:22', '%m/%d/%Y %H:%i:%s'), 
    'V');
Insert into ADMIN.GG_TCIUDAD
   (COD_CIUDAD, NOM_CIUDAD, COD_REGION, COD_USUARI, FEC_AUDITA, 
    IND_ESTADO)
 Values
   ('13130', 'SAN MIGUEL', '13', 'ADMIN', STR_TO_DATE('09/23/2011 08:30:22', '%m/%d/%Y %H:%i:%s'), 
    'V');
Insert into ADMIN.GG_TCIUDAD
   (COD_CIUDAD, NOM_CIUDAD, COD_REGION, COD_USUARI, FEC_AUDITA, 
    IND_ESTADO)
 Values
   ('13402', 'BUIN', '13', 'ADMIN', STR_TO_DATE('09/23/2011 08:30:22', '%m/%d/%Y %H:%i:%s'), 
    'V');
Insert into ADMIN.GG_TCIUDAD
   (COD_CIUDAD, NOM_CIUDAD, COD_REGION, COD_USUARI, FEC_AUDITA, 
    IND_ESTADO)
 Values
   ('13201', 'PUENTE ALTO', '13', 'ADMIN', STR_TO_DATE('09/23/2011 08:30:22', '%m/%d/%Y %H:%i:%s'), 
    'V');
Insert into ADMIN.GG_TCIUDAD
   (COD_CIUDAD, NOM_CIUDAD, COD_REGION, COD_USUARI, FEC_AUDITA, 
    IND_ESTADO)
 Values
   ('13401', 'SAN BERNARDO', '13', 'ADMIN', STR_TO_DATE('09/23/2011 08:30:22', '%m/%d/%Y %H:%i:%s'), 
    'V');
Insert into ADMIN.GG_TCIUDAD
   (COD_CIUDAD, NOM_CIUDAD, COD_REGION, COD_USUARI, FEC_AUDITA, 
    IND_ESTADO)
 Values
   ('13129', 'SAN JOAQUIN', '13', 'ADMIN', STR_TO_DATE('09/23/2011 08:30:22', '%m/%d/%Y %H:%i:%s'), 
    'V');
Insert into ADMIN.GG_TCIUDAD
   (COD_CIUDAD, NOM_CIUDAD, COD_REGION, COD_USUARI, FEC_AUDITA, 
    IND_ESTADO)
 Values
   ('13111', 'LA GRANJA', '13', 'ADMIN', STR_TO_DATE('09/23/2011 08:30:22', '%m/%d/%Y %H:%i:%s'), 
    'V');
Insert into ADMIN.GG_TCIUDAD
   (COD_CIUDAD, NOM_CIUDAD, COD_REGION, COD_USUARI, FEC_AUDITA, 
    IND_ESTADO)
 Values
   ('13116', 'LO ESPEJO', '13', 'ADMIN', STR_TO_DATE('09/23/2011 08:30:22', '%m/%d/%Y %H:%i:%s'), 
    'V');
Insert into ADMIN.GG_TCIUDAD
   (COD_CIUDAD, NOM_CIUDAD, COD_REGION, COD_USUARI, FEC_AUDITA, 
    IND_ESTADO)
 Values
   ('13109', 'LA CISTERNA', '13', 'ADMIN', STR_TO_DATE('09/23/2011 08:30:22', '%m/%d/%Y %H:%i:%s'), 
    'V');
Insert into ADMIN.GG_TCIUDAD
   (COD_CIUDAD, NOM_CIUDAD, COD_REGION, COD_USUARI, FEC_AUDITA, 
    IND_ESTADO)
 Values
   ('13105', 'EL BOSQUE', '13', 'ADMIN', STR_TO_DATE('09/23/2011 08:30:22', '%m/%d/%Y %H:%i:%s'), 
    'V');
Insert into ADMIN.GG_TCIUDAD
   (COD_CIUDAD, NOM_CIUDAD, COD_REGION, COD_USUARI, FEC_AUDITA, 
    IND_ESTADO)
 Values
   ('13404', 'PAINE', '13', 'ADMIN', STR_TO_DATE('09/23/2011 08:30:22', '%m/%d/%Y %H:%i:%s'), 
    'V');
Insert into ADMIN.GG_TCIUDAD
   (COD_CIUDAD, NOM_CIUDAD, COD_REGION, COD_USUARI, FEC_AUDITA, 
    IND_ESTADO)
 Values
   ('13403', 'CALERA DE TANGO', '13', 'ADMIN', STR_TO_DATE('09/23/2011 08:30:22', '%m/%d/%Y %H:%i:%s'), 
    'V');
Insert into ADMIN.GG_TCIUDAD
   (COD_CIUDAD, NOM_CIUDAD, COD_REGION, COD_USUARI, FEC_AUDITA, 
    IND_ESTADO)
 Values
   ('13203', 'SAN JOSE DE MAIPO', '13', 'ADMIN', STR_TO_DATE('09/23/2011 08:30:22', '%m/%d/%Y %H:%i:%s'), 
    'V');
Insert into ADMIN.GG_TCIUDAD
   (COD_CIUDAD, NOM_CIUDAD, COD_REGION, COD_USUARI, FEC_AUDITA, 
    IND_ESTADO)
 Values
   ('13131', 'SAN RAMON', '13', 'ADMIN', STR_TO_DATE('09/23/2011 08:30:22', '%m/%d/%Y %H:%i:%s'), 
    'V');
Insert into ADMIN.GG_TCIUDAD
   (COD_CIUDAD, NOM_CIUDAD, COD_REGION, COD_USUARI, FEC_AUDITA, 
    IND_ESTADO)
 Values
   ('13110', 'LA FLORIDA', '13', 'ADMIN', STR_TO_DATE('09/23/2011 08:30:22', '%m/%d/%Y %H:%i:%s'), 
    'V');
Insert into ADMIN.GG_TCIUDAD
   (COD_CIUDAD, NOM_CIUDAD, COD_REGION, COD_USUARI, FEC_AUDITA, 
    IND_ESTADO)
 Values
   ('13112', 'LA PINTANA', '13', 'ADMIN', STR_TO_DATE('09/23/2011 08:30:22', '%m/%d/%Y %H:%i:%s'), 
    'V');
Insert into ADMIN.GG_TCIUDAD
   (COD_CIUDAD, NOM_CIUDAD, COD_REGION, COD_USUARI, FEC_AUDITA, 
    IND_ESTADO)
 Values
   ('13202', 'PIRQUE', '13', 'ADMIN', STR_TO_DATE('09/23/2011 08:30:22', '%m/%d/%Y %H:%i:%s'), 
    'V');
Insert into ADMIN.GG_TCIUDAD
   (COD_CIUDAD, NOM_CIUDAD, COD_REGION, COD_USUARI, FEC_AUDITA, 
    IND_ESTADO)
 Values
   ('6101', 'RANCAGUA', '06', 'ADMIN', STR_TO_DATE('09/23/2011 08:30:22', '%m/%d/%Y %H:%i:%s'), 
    'V');
Insert into ADMIN.GG_TCIUDAD
   (COD_CIUDAD, NOM_CIUDAD, COD_REGION, COD_USUARI, FEC_AUDITA, 
    IND_ESTADO)
 Values
   ('6106', 'GRANEROS', '06', 'ADMIN', STR_TO_DATE('09/23/2011 08:30:22', '%m/%d/%Y %H:%i:%s'), 
    'V');
Insert into ADMIN.GG_TCIUDAD
   (COD_CIUDAD, NOM_CIUDAD, COD_REGION, COD_USUARI, FEC_AUDITA, 
    IND_ESTADO)
 Values
   ('6103', 'COINCO', '06', 'ADMIN', STR_TO_DATE('09/23/2011 08:30:22', '%m/%d/%Y %H:%i:%s'), 
    'V');
Insert into ADMIN.GG_TCIUDAD
   (COD_CIUDAD, NOM_CIUDAD, COD_REGION, COD_USUARI, FEC_AUDITA, 
    IND_ESTADO)
 Values
   ('6112', 'PEUMO', '06', 'ADMIN', STR_TO_DATE('09/23/2011 08:30:22', '%m/%d/%Y %H:%i:%s'), 
    'V');
Insert into ADMIN.GG_TCIUDAD
   (COD_CIUDAD, NOM_CIUDAD, COD_REGION, COD_USUARI, FEC_AUDITA, 
    IND_ESTADO)
 Values
   ('6115', 'RENGO', '06', 'ADMIN', STR_TO_DATE('09/23/2011 08:30:22', '%m/%d/%Y %H:%i:%s'), 
    'V');
Insert into ADMIN.GG_TCIUDAD
   (COD_CIUDAD, NOM_CIUDAD, COD_REGION, COD_USUARI, FEC_AUDITA, 
    IND_ESTADO)
 Values
   ('6117', 'SAN VICENTE', '06', 'ADMIN', STR_TO_DATE('09/23/2011 08:30:22', '%m/%d/%Y %H:%i:%s'), 
    'V');
Insert into ADMIN.GG_TCIUDAD
   (COD_CIUDAD, NOM_CIUDAD, COD_REGION, COD_USUARI, FEC_AUDITA, 
    IND_ESTADO)
 Values
   ('6113', 'PICHIDEGUA', '06', 'ADMIN', STR_TO_DATE('09/23/2011 08:30:22', '%m/%d/%Y %H:%i:%s'), 
    'V');
Insert into ADMIN.GG_TCIUDAD
   (COD_CIUDAD, NOM_CIUDAD, COD_REGION, COD_USUARI, FEC_AUDITA, 
    IND_ESTADO)
 Values
   ('6301', 'SAN FERNANDO', '06', 'ADMIN', STR_TO_DATE('09/23/2011 08:30:22', '%m/%d/%Y %H:%i:%s'), 
    'V');
Insert into ADMIN.GG_TCIUDAD
   (COD_CIUDAD, NOM_CIUDAD, COD_REGION, COD_USUARI, FEC_AUDITA, 
    IND_ESTADO)
 Values
   ('6303', 'CHIMBARONGO', '06', 'ADMIN', STR_TO_DATE('09/23/2011 08:30:22', '%m/%d/%Y %H:%i:%s'), 
    'V');
Insert into ADMIN.GG_TCIUDAD
   (COD_CIUDAD, NOM_CIUDAD, COD_REGION, COD_USUARI, FEC_AUDITA, 
    IND_ESTADO)
 Values
   ('6305', 'NANCAGUA', '06', 'ADMIN', STR_TO_DATE('09/23/2011 08:30:22', '%m/%d/%Y %H:%i:%s'), 
    'V');
Insert into ADMIN.GG_TCIUDAD
   (COD_CIUDAD, NOM_CIUDAD, COD_REGION, COD_USUARI, FEC_AUDITA, 
    IND_ESTADO)
 Values
   ('6310', 'SANTA CRUZ', '06', 'ADMIN', STR_TO_DATE('09/23/2011 08:30:22', '%m/%d/%Y %H:%i:%s'), 
    'V');
Insert into ADMIN.GG_TCIUDAD
   (COD_CIUDAD, NOM_CIUDAD, COD_REGION, COD_USUARI, FEC_AUDITA, 
    IND_ESTADO)
 Values
   ('6204', 'MARCHIHUE', '06', 'ADMIN', STR_TO_DATE('09/23/2011 08:30:22', '%m/%d/%Y %H:%i:%s'), 
    'V');
Insert into ADMIN.GG_TCIUDAD
   (COD_CIUDAD, NOM_CIUDAD, COD_REGION, COD_USUARI, FEC_AUDITA, 
    IND_ESTADO)
 Values
   ('6201', 'PICHILEMU', '06', 'ADMIN', STR_TO_DATE('09/23/2011 08:30:22', '%m/%d/%Y %H:%i:%s'), 
    'V');
Insert into ADMIN.GG_TCIUDAD
   (COD_CIUDAD, NOM_CIUDAD, COD_REGION, COD_USUARI, FEC_AUDITA, 
    IND_ESTADO)
 Values
   ('6304', 'LOLOL', '06', 'ADMIN', STR_TO_DATE('09/23/2011 08:30:22', '%m/%d/%Y %H:%i:%s'), 
    'V');
Insert into ADMIN.GG_TCIUDAD
   (COD_CIUDAD, NOM_CIUDAD, COD_REGION, COD_USUARI, FEC_AUDITA, 
    IND_ESTADO)
 Values
   ('6203', 'LITUECHE', '06', 'ADMIN', STR_TO_DATE('09/23/2011 08:30:22', '%m/%d/%Y %H:%i:%s'), 
    'V');
Insert into ADMIN.GG_TCIUDAD
   (COD_CIUDAD, NOM_CIUDAD, COD_REGION, COD_USUARI, FEC_AUDITA, 
    IND_ESTADO)
 Values
   ('6108', 'MACHALI', '06', 'ADMIN', STR_TO_DATE('09/23/2011 08:30:22', '%m/%d/%Y %H:%i:%s'), 
    'V');
Insert into ADMIN.GG_TCIUDAD
   (COD_CIUDAD, NOM_CIUDAD, COD_REGION, COD_USUARI, FEC_AUDITA, 
    IND_ESTADO)
 Values
   ('6110', 'MOSTAZAL', '06', 'ADMIN', STR_TO_DATE('09/23/2011 08:30:22', '%m/%d/%Y %H:%i:%s'), 
    'V');
Insert into ADMIN.GG_TCIUDAD
   (COD_CIUDAD, NOM_CIUDAD, COD_REGION, COD_USUARI, FEC_AUDITA, 
    IND_ESTADO)
 Values
   ('6102', 'CODEGUA', '06', 'ADMIN', STR_TO_DATE('09/23/2011 08:30:22', '%m/%d/%Y %H:%i:%s'), 
    'V');
Insert into ADMIN.GG_TCIUDAD
   (COD_CIUDAD, NOM_CIUDAD, COD_REGION, COD_USUARI, FEC_AUDITA, 
    IND_ESTADO)
 Values
   ('6105', 'DOÑIHUE', '06', 'ADMIN', STR_TO_DATE('09/23/2011 08:30:22', '%m/%d/%Y %H:%i:%s'), 
    'V');
Insert into ADMIN.GG_TCIUDAD
   (COD_CIUDAD, NOM_CIUDAD, COD_REGION, COD_USUARI, FEC_AUDITA, 
    IND_ESTADO)
 Values
   ('6104', 'COLTAUCO', '06', 'ADMIN', STR_TO_DATE('09/23/2011 08:30:22', '%m/%d/%Y %H:%i:%s'), 
    'V');
Insert into ADMIN.GG_TCIUDAD
   (COD_CIUDAD, NOM_CIUDAD, COD_REGION, COD_USUARI, FEC_AUDITA, 
    IND_ESTADO)
 Values
   ('6116', 'REQUINOA', '06', 'ADMIN', STR_TO_DATE('09/23/2011 08:30:22', '%m/%d/%Y %H:%i:%s'), 
    'V');
Insert into ADMIN.GG_TCIUDAD
   (COD_CIUDAD, NOM_CIUDAD, COD_REGION, COD_USUARI, FEC_AUDITA, 
    IND_ESTADO)
 Values
   ('6107', 'LAS CABRAS', '06', 'ADMIN', STR_TO_DATE('09/23/2011 08:30:22', '%m/%d/%Y %H:%i:%s'), 
    'V');
Insert into ADMIN.GG_TCIUDAD
   (COD_CIUDAD, NOM_CIUDAD, COD_REGION, COD_USUARI, FEC_AUDITA, 
    IND_ESTADO)
 Values
   ('6114', 'QUINTA DE TILCOCO', '06', 'ADMIN', STR_TO_DATE('09/23/2011 08:30:22', '%m/%d/%Y %H:%i:%s'), 
    'V');
Insert into ADMIN.GG_TCIUDAD
   (COD_CIUDAD, NOM_CIUDAD, COD_REGION, COD_USUARI, FEC_AUDITA, 
    IND_ESTADO)
 Values
   ('6307', 'PERALILLO', '06', 'ADMIN', STR_TO_DATE('09/23/2011 08:30:22', '%m/%d/%Y %H:%i:%s'), 
    'V');
Insert into ADMIN.GG_TCIUDAD
   (COD_CIUDAD, NOM_CIUDAD, COD_REGION, COD_USUARI, FEC_AUDITA, 
    IND_ESTADO)
 Values
   ('6202', 'LA ESTRELLA', '06', 'ADMIN', STR_TO_DATE('09/23/2011 08:30:22', '%m/%d/%Y %H:%i:%s'), 
    'V');
Insert into ADMIN.GG_TCIUDAD
   (COD_CIUDAD, NOM_CIUDAD, COD_REGION, COD_USUARI, FEC_AUDITA, 
    IND_ESTADO)
 Values
   ('6302', 'CHEPICA', '06', 'ADMIN', STR_TO_DATE('09/23/2011 08:30:22', '%m/%d/%Y %H:%i:%s'), 
    'V');
Insert into ADMIN.GG_TCIUDAD
   (COD_CIUDAD, NOM_CIUDAD, COD_REGION, COD_USUARI, FEC_AUDITA, 
    IND_ESTADO)
 Values
   ('6206', 'PAREDONES', '06', 'ADMIN', STR_TO_DATE('09/23/2011 08:30:22', '%m/%d/%Y %H:%i:%s'), 
    'V');
Insert into ADMIN.GG_TCIUDAD
   (COD_CIUDAD, NOM_CIUDAD, COD_REGION, COD_USUARI, FEC_AUDITA, 
    IND_ESTADO)
 Values
   ('6308', 'PLACILLA', '06', 'ADMIN', STR_TO_DATE('09/23/2011 08:30:22', '%m/%d/%Y %H:%i:%s'), 
    'V');
Insert into ADMIN.GG_TCIUDAD
   (COD_CIUDAD, NOM_CIUDAD, COD_REGION, COD_USUARI, FEC_AUDITA, 
    IND_ESTADO)
 Values
   ('6205', 'NAVIDAD', '06', 'ADMIN', STR_TO_DATE('09/23/2011 08:30:22', '%m/%d/%Y %H:%i:%s'), 
    'V');
Insert into ADMIN.GG_TCIUDAD
   (COD_CIUDAD, NOM_CIUDAD, COD_REGION, COD_USUARI, FEC_AUDITA, 
    IND_ESTADO)
 Values
   ('6109', 'MALLOA', '06', 'ADMIN', STR_TO_DATE('09/23/2011 08:30:22', '%m/%d/%Y %H:%i:%s'), 
    'V');
Insert into ADMIN.GG_TCIUDAD
   (COD_CIUDAD, NOM_CIUDAD, COD_REGION, COD_USUARI, FEC_AUDITA, 
    IND_ESTADO)
 Values
   ('6111', 'OLIVAR', '06', 'ADMIN', STR_TO_DATE('09/23/2011 08:30:22', '%m/%d/%Y %H:%i:%s'), 
    'V');
Insert into ADMIN.GG_TCIUDAD
   (COD_CIUDAD, NOM_CIUDAD, COD_REGION, COD_USUARI, FEC_AUDITA, 
    IND_ESTADO)
 Values
   ('6306', 'PALMILLA', '06', 'ADMIN', STR_TO_DATE('09/23/2011 08:30:22', '%m/%d/%Y %H:%i:%s'), 
    'V');
Insert into ADMIN.GG_TCIUDAD
   (COD_CIUDAD, NOM_CIUDAD, COD_REGION, COD_USUARI, FEC_AUDITA, 
    IND_ESTADO)
 Values
   ('6309', 'PUMANQUE', '06', 'ADMIN', STR_TO_DATE('09/23/2011 08:30:22', '%m/%d/%Y %H:%i:%s'), 
    'V');
Insert into ADMIN.GG_TCIUDAD
   (COD_CIUDAD, NOM_CIUDAD, COD_REGION, COD_USUARI, FEC_AUDITA, 
    IND_ESTADO)
 Values
   ('7101', 'TALCA', '07', 'ADMIN', STR_TO_DATE('09/23/2011 08:30:22', '%m/%d/%Y %H:%i:%s'), 
    'V');
Insert into ADMIN.GG_TCIUDAD
   (COD_CIUDAD, NOM_CIUDAD, COD_REGION, COD_USUARI, FEC_AUDITA, 
    IND_ESTADO)
 Values
   ('7301', 'CURICO', '07', 'ADMIN', STR_TO_DATE('09/23/2011 08:30:22', '%m/%d/%Y %H:%i:%s'), 
    'V');
Insert into ADMIN.GG_TCIUDAD
   (COD_CIUDAD, NOM_CIUDAD, COD_REGION, COD_USUARI, FEC_AUDITA, 
    IND_ESTADO)
 Values
   ('7308', 'TENO', '07', 'ADMIN', STR_TO_DATE('09/23/2011 08:30:22', '%m/%d/%Y %H:%i:%s'), 
    'V');
Insert into ADMIN.GG_TCIUDAD
   (COD_CIUDAD, NOM_CIUDAD, COD_REGION, COD_USUARI, FEC_AUDITA, 
    IND_ESTADO)
 Values
   ('7304', 'MOLINA', '07', 'ADMIN', STR_TO_DATE('09/23/2011 08:30:22', '%m/%d/%Y %H:%i:%s'), 
    'V');
Insert into ADMIN.GG_TCIUDAD
   (COD_CIUDAD, NOM_CIUDAD, COD_REGION, COD_USUARI, FEC_AUDITA, 
    IND_ESTADO)
 Values
   ('7302', 'HUALAÑE', '07', 'ADMIN', STR_TO_DATE('09/23/2011 08:30:22', '%m/%d/%Y %H:%i:%s'), 
    'V');
Insert into ADMIN.GG_TCIUDAD
   (COD_CIUDAD, NOM_CIUDAD, COD_REGION, COD_USUARI, FEC_AUDITA, 
    IND_ESTADO)
 Values
   ('7303', 'LICANTEN', '07', 'ADMIN', STR_TO_DATE('09/23/2011 08:30:22', '%m/%d/%Y %H:%i:%s'), 
    'V');
Insert into ADMIN.GG_TCIUDAD
   (COD_CIUDAD, NOM_CIUDAD, COD_REGION, COD_USUARI, FEC_AUDITA, 
    IND_ESTADO)
 Values
   ('7103', 'CUREPTO', '07', 'ADMIN', STR_TO_DATE('09/23/2011 08:30:22', '%m/%d/%Y %H:%i:%s'), 
    'V');
Insert into ADMIN.GG_TCIUDAD
   (COD_CIUDAD, NOM_CIUDAD, COD_REGION, COD_USUARI, FEC_AUDITA, 
    IND_ESTADO)
 Values
   ('7102', 'CONSTITUCION', '07', 'ADMIN', STR_TO_DATE('09/23/2011 08:30:22', '%m/%d/%Y %H:%i:%s'), 
    'V');
Insert into ADMIN.GG_TCIUDAD
   (COD_CIUDAD, NOM_CIUDAD, COD_REGION, COD_USUARI, FEC_AUDITA, 
    IND_ESTADO)
 Values
   ('7401', 'LINARES', '07', 'ADMIN', STR_TO_DATE('09/23/2011 08:30:22', '%m/%d/%Y %H:%i:%s'), 
    'V');
Insert into ADMIN.GG_TCIUDAD
   (COD_CIUDAD, NOM_CIUDAD, COD_REGION, COD_USUARI, FEC_AUDITA, 
    IND_ESTADO)
 Values
   ('7406', 'SAN JAVIER', '07', 'ADMIN', STR_TO_DATE('09/23/2011 08:30:22', '%m/%d/%Y %H:%i:%s'), 
    'V');
Insert into ADMIN.GG_TCIUDAD
   (COD_CIUDAD, NOM_CIUDAD, COD_REGION, COD_USUARI, FEC_AUDITA, 
    IND_ESTADO)
 Values
   ('7404', 'PARRAL', '07', 'ADMIN', STR_TO_DATE('09/23/2011 08:30:22', '%m/%d/%Y %H:%i:%s'), 
    'V');
Insert into ADMIN.GG_TCIUDAD
   (COD_CIUDAD, NOM_CIUDAD, COD_REGION, COD_USUARI, FEC_AUDITA, 
    IND_ESTADO)
 Values
   ('7201', 'CAUQUENES', '07', 'ADMIN', STR_TO_DATE('09/23/2011 08:30:22', '%m/%d/%Y %H:%i:%s'), 
    'V');
Insert into ADMIN.GG_TCIUDAD
   (COD_CIUDAD, NOM_CIUDAD, COD_REGION, COD_USUARI, FEC_AUDITA, 
    IND_ESTADO)
 Values
   ('7202', 'CHANCO', '07', 'ADMIN', STR_TO_DATE('09/23/2011 08:30:22', '%m/%d/%Y %H:%i:%s'), 
    'V');
Insert into ADMIN.GG_TCIUDAD
   (COD_CIUDAD, NOM_CIUDAD, COD_REGION, COD_USUARI, FEC_AUDITA, 
    IND_ESTADO)
 Values
   ('7106', 'PELARCO', '07', 'ADMIN', STR_TO_DATE('09/23/2011 08:30:22', '%m/%d/%Y %H:%i:%s'), 
    'V');
Insert into ADMIN.GG_TCIUDAD
   (COD_CIUDAD, NOM_CIUDAD, COD_REGION, COD_USUARI, FEC_AUDITA, 
    IND_ESTADO)
 Values
   ('7109', 'SAN CLEMENTE', '07', 'ADMIN', STR_TO_DATE('09/23/2011 08:30:22', '%m/%d/%Y %H:%i:%s'), 
    'V');
Insert into ADMIN.GG_TCIUDAD
   (COD_CIUDAD, NOM_CIUDAD, COD_REGION, COD_USUARI, FEC_AUDITA, 
    IND_ESTADO)
 Values
   ('7407', 'VILLA ALEGRE', '07', 'ADMIN', STR_TO_DATE('09/23/2011 08:30:22', '%m/%d/%Y %H:%i:%s'), 
    'V');
Insert into ADMIN.GG_TCIUDAD
   (COD_CIUDAD, NOM_CIUDAD, COD_REGION, COD_USUARI, FEC_AUDITA, 
    IND_ESTADO)
 Values
   ('7107', 'PENCAHUE', '07', 'ADMIN', STR_TO_DATE('09/23/2011 08:30:22', '%m/%d/%Y %H:%i:%s'), 
    'V');
Insert into ADMIN.GG_TCIUDAD
   (COD_CIUDAD, NOM_CIUDAD, COD_REGION, COD_USUARI, FEC_AUDITA, 
    IND_ESTADO)
 Values
   ('7105', 'MAULE', '07', 'ADMIN', STR_TO_DATE('09/23/2011 08:30:22', '%m/%d/%Y %H:%i:%s'), 
    'V');
Insert into ADMIN.GG_TCIUDAD
   (COD_CIUDAD, NOM_CIUDAD, COD_REGION, COD_USUARI, FEC_AUDITA, 
    IND_ESTADO)
 Values
   ('7108', 'RIO CLARO', '07', 'ADMIN', STR_TO_DATE('09/23/2011 08:30:22', '%m/%d/%Y %H:%i:%s'), 
    'V');
Insert into ADMIN.GG_TCIUDAD
   (COD_CIUDAD, NOM_CIUDAD, COD_REGION, COD_USUARI, FEC_AUDITA, 
    IND_ESTADO)
 Values
   ('7402', 'COLBUN', '07', 'ADMIN', STR_TO_DATE('09/23/2011 08:30:22', '%m/%d/%Y %H:%i:%s'), 
    'V');
Insert into ADMIN.GG_TCIUDAD
   (COD_CIUDAD, NOM_CIUDAD, COD_REGION, COD_USUARI, FEC_AUDITA, 
    IND_ESTADO)
 Values
   ('7408', 'YERBAS BUENAS', '07', 'ADMIN', STR_TO_DATE('09/23/2011 08:30:22', '%m/%d/%Y %H:%i:%s'), 
    'V');
Insert into ADMIN.GG_TCIUDAD
   (COD_CIUDAD, NOM_CIUDAD, COD_REGION, COD_USUARI, FEC_AUDITA, 
    IND_ESTADO)
 Values
   ('7403', 'LONGAVI', '07', 'ADMIN', STR_TO_DATE('09/23/2011 08:30:22', '%m/%d/%Y %H:%i:%s'), 
    'V');
Insert into ADMIN.GG_TCIUDAD
   (COD_CIUDAD, NOM_CIUDAD, COD_REGION, COD_USUARI, FEC_AUDITA, 
    IND_ESTADO)
 Values
   ('7405', 'RETIRO', '07', 'ADMIN', STR_TO_DATE('09/23/2011 08:30:22', '%m/%d/%Y %H:%i:%s'), 
    'V');
Insert into ADMIN.GG_TCIUDAD
   (COD_CIUDAD, NOM_CIUDAD, COD_REGION, COD_USUARI, FEC_AUDITA, 
    IND_ESTADO)
 Values
   ('7203', 'PELLUHUE', '07', 'ADMIN', STR_TO_DATE('09/23/2011 08:30:22', '%m/%d/%Y %H:%i:%s'), 
    'V');
Insert into ADMIN.GG_TCIUDAD
   (COD_CIUDAD, NOM_CIUDAD, COD_REGION, COD_USUARI, FEC_AUDITA, 
    IND_ESTADO)
 Values
   ('7110', 'SAN RAFAEL', '07', 'ADMIN', STR_TO_DATE('09/23/2011 08:30:22', '%m/%d/%Y %H:%i:%s'), 
    'V');
Insert into ADMIN.GG_TCIUDAD
   (COD_CIUDAD, NOM_CIUDAD, COD_REGION, COD_USUARI, FEC_AUDITA, 
    IND_ESTADO)
 Values
   ('7307', 'SAGRADA FAMILIA', '07', 'ADMIN', STR_TO_DATE('09/23/2011 08:30:22', '%m/%d/%Y %H:%i:%s'), 
    'V');
Insert into ADMIN.GG_TCIUDAD
   (COD_CIUDAD, NOM_CIUDAD, COD_REGION, COD_USUARI, FEC_AUDITA, 
    IND_ESTADO)
 Values
   ('7309', 'VICHUQUEN', '07', 'ADMIN', STR_TO_DATE('09/23/2011 08:30:22', '%m/%d/%Y %H:%i:%s'), 
    'V');
Insert into ADMIN.GG_TCIUDAD
   (COD_CIUDAD, NOM_CIUDAD, COD_REGION, COD_USUARI, FEC_AUDITA, 
    IND_ESTADO)
 Values
   ('7306', 'ROMERAL', '07', 'ADMIN', STR_TO_DATE('09/23/2011 08:30:22', '%m/%d/%Y %H:%i:%s'), 
    'V');
Insert into ADMIN.GG_TCIUDAD
   (COD_CIUDAD, NOM_CIUDAD, COD_REGION, COD_USUARI, FEC_AUDITA, 
    IND_ESTADO)
 Values
   ('7305', 'RAUCO', '07', 'ADMIN', STR_TO_DATE('09/23/2011 08:30:22', '%m/%d/%Y %H:%i:%s'), 
    'V');
Insert into ADMIN.GG_TCIUDAD
   (COD_CIUDAD, NOM_CIUDAD, COD_REGION, COD_USUARI, FEC_AUDITA, 
    IND_ESTADO)
 Values
   ('7104', 'EMPEDRADO', '07', 'ADMIN', STR_TO_DATE('09/23/2011 08:30:22', '%m/%d/%Y %H:%i:%s'), 
    'V');
Insert into ADMIN.GG_TCIUDAD
   (COD_CIUDAD, NOM_CIUDAD, COD_REGION, COD_USUARI, FEC_AUDITA, 
    IND_ESTADO)
 Values
   ('8401', 'CHILLAN', '08', 'ADMIN', STR_TO_DATE('09/23/2011 08:30:22', '%m/%d/%Y %H:%i:%s'), 
    'V');
Insert into ADMIN.GG_TCIUDAD
   (COD_CIUDAD, NOM_CIUDAD, COD_REGION, COD_USUARI, FEC_AUDITA, 
    IND_ESTADO)
 Values
   ('8416', 'SAN CARLOS', '08', 'ADMIN', STR_TO_DATE('09/23/2011 08:30:22', '%m/%d/%Y %H:%i:%s'), 
    'V');
Insert into ADMIN.GG_TCIUDAD
   (COD_CIUDAD, NOM_CIUDAD, COD_REGION, COD_USUARI, FEC_AUDITA, 
    IND_ESTADO)
 Values
   ('8402', 'BULNES', '08', 'ADMIN', STR_TO_DATE('09/23/2011 08:30:22', '%m/%d/%Y %H:%i:%s'), 
    'V');
Insert into ADMIN.GG_TCIUDAD
   (COD_CIUDAD, NOM_CIUDAD, COD_REGION, COD_USUARI, FEC_AUDITA, 
    IND_ESTADO)
 Values
   ('8421', 'YUNGAY', '08', 'ADMIN', STR_TO_DATE('09/23/2011 08:30:22', '%m/%d/%Y %H:%i:%s'), 
    'V');
Insert into ADMIN.GG_TCIUDAD
   (COD_CIUDAD, NOM_CIUDAD, COD_REGION, COD_USUARI, FEC_AUDITA, 
    IND_ESTADO)
 Values
   ('8414', 'QUIRIHUE', '08', 'ADMIN', STR_TO_DATE('09/23/2011 08:30:22', '%m/%d/%Y %H:%i:%s'), 
    'V');
Insert into ADMIN.GG_TCIUDAD
   (COD_CIUDAD, NOM_CIUDAD, COD_REGION, COD_USUARI, FEC_AUDITA, 
    IND_ESTADO)
 Values
   ('8407', 'EL CARMEN', '08', 'ADMIN', STR_TO_DATE('09/23/2011 08:30:22', '%m/%d/%Y %H:%i:%s'), 
    'V');
Insert into ADMIN.GG_TCIUDAD
   (COD_CIUDAD, NOM_CIUDAD, COD_REGION, COD_USUARI, FEC_AUDITA, 
    IND_ESTADO)
 Values
   ('8404', 'COELEMU', '08', 'ADMIN', STR_TO_DATE('09/23/2011 08:30:22', '%m/%d/%Y %H:%i:%s'), 
    'V');
Insert into ADMIN.GG_TCIUDAD
   (COD_CIUDAD, NOM_CIUDAD, COD_REGION, COD_USUARI, FEC_AUDITA, 
    IND_ESTADO)
 Values
   ('8412', 'PORTEZUELO', '08', 'ADMIN', STR_TO_DATE('09/23/2011 08:30:22', '%m/%d/%Y %H:%i:%s'), 
    'V');
Insert into ADMIN.GG_TCIUDAD
   (COD_CIUDAD, NOM_CIUDAD, COD_REGION, COD_USUARI, FEC_AUDITA, 
    IND_ESTADO)
 Values
   ('8413', 'QUILLON', '08', 'ADMIN', STR_TO_DATE('09/23/2011 08:30:22', '%m/%d/%Y %H:%i:%s'), 
    'V');
Insert into ADMIN.GG_TCIUDAD
   (COD_CIUDAD, NOM_CIUDAD, COD_REGION, COD_USUARI, FEC_AUDITA, 
    IND_ESTADO)
 Values
   ('8403', 'COBQUECURA', '08', 'ADMIN', STR_TO_DATE('09/23/2011 08:30:22', '%m/%d/%Y %H:%i:%s'), 
    'V');
Insert into ADMIN.GG_TCIUDAD
   (COD_CIUDAD, NOM_CIUDAD, COD_REGION, COD_USUARI, FEC_AUDITA, 
    IND_ESTADO)
 Values
   ('8418', 'SAN IGNACIO', '08', 'ADMIN', STR_TO_DATE('09/23/2011 08:30:22', '%m/%d/%Y %H:%i:%s'), 
    'V');
Insert into ADMIN.GG_TCIUDAD
   (COD_CIUDAD, NOM_CIUDAD, COD_REGION, COD_USUARI, FEC_AUDITA, 
    IND_ESTADO)
 Values
   ('8417', 'SAN FABIAN', '08', 'ADMIN', STR_TO_DATE('09/23/2011 08:30:22', '%m/%d/%Y %H:%i:%s'), 
    'V');
Insert into ADMIN.GG_TCIUDAD
   (COD_CIUDAD, NOM_CIUDAD, COD_REGION, COD_USUARI, FEC_AUDITA, 
    IND_ESTADO)
 Values
   ('8410', 'PEMUCO', '08', 'ADMIN', STR_TO_DATE('09/23/2011 08:30:22', '%m/%d/%Y %H:%i:%s'), 
    'V');
Insert into ADMIN.GG_TCIUDAD
   (COD_CIUDAD, NOM_CIUDAD, COD_REGION, COD_USUARI, FEC_AUDITA, 
    IND_ESTADO)
 Values
   ('8419', 'SAN NICOLAS', '08', 'ADMIN', STR_TO_DATE('09/23/2011 08:30:22', '%m/%d/%Y %H:%i:%s'), 
    'V');
Insert into ADMIN.GG_TCIUDAD
   (COD_CIUDAD, NOM_CIUDAD, COD_REGION, COD_USUARI, FEC_AUDITA, 
    IND_ESTADO)
 Values
   ('8409', 'ÑIQUEN', '08', 'ADMIN', STR_TO_DATE('09/23/2011 08:30:22', '%m/%d/%Y %H:%i:%s'), 
    'V');
Insert into ADMIN.GG_TCIUDAD
   (COD_CIUDAD, NOM_CIUDAD, COD_REGION, COD_USUARI, FEC_AUDITA, 
    IND_ESTADO)
 Values
   ('8408', 'NINHUE', '08', 'ADMIN', STR_TO_DATE('09/23/2011 08:30:22', '%m/%d/%Y %H:%i:%s'), 
    'V');
Insert into ADMIN.GG_TCIUDAD
   (COD_CIUDAD, NOM_CIUDAD, COD_REGION, COD_USUARI, FEC_AUDITA, 
    IND_ESTADO)
 Values
   ('8415', 'RANQUIL', '08', 'ADMIN', STR_TO_DATE('09/23/2011 08:30:22', '%m/%d/%Y %H:%i:%s'), 
    'V');
Insert into ADMIN.GG_TCIUDAD
   (COD_CIUDAD, NOM_CIUDAD, COD_REGION, COD_USUARI, FEC_AUDITA, 
    IND_ESTADO)
 Values
   ('8411', 'PINTO', '08', 'ADMIN', STR_TO_DATE('09/23/2011 08:30:22', '%m/%d/%Y %H:%i:%s'), 
    'V');
Insert into ADMIN.GG_TCIUDAD
   (COD_CIUDAD, NOM_CIUDAD, COD_REGION, COD_USUARI, FEC_AUDITA, 
    IND_ESTADO)
 Values
   ('8405', 'COIHUECO', '08', 'ADMIN', STR_TO_DATE('09/23/2011 08:30:22', '%m/%d/%Y %H:%i:%s'), 
    'V');
Insert into ADMIN.GG_TCIUDAD
   (COD_CIUDAD, NOM_CIUDAD, COD_REGION, COD_USUARI, FEC_AUDITA, 
    IND_ESTADO)
 Values
   ('8420', 'TREGUACO', '08', 'ADMIN', STR_TO_DATE('09/23/2011 08:30:22', '%m/%d/%Y %H:%i:%s'), 
    'V');
Insert into ADMIN.GG_TCIUDAD
   (COD_CIUDAD, NOM_CIUDAD, COD_REGION, COD_USUARI, FEC_AUDITA, 
    IND_ESTADO)
 Values
   ('8406', 'CHILLAN VIEJO', '08', 'ADMIN', STR_TO_DATE('09/23/2011 08:30:22', '%m/%d/%Y %H:%i:%s'), 
    'V');
Insert into ADMIN.GG_TCIUDAD
   (COD_CIUDAD, NOM_CIUDAD, COD_REGION, COD_USUARI, FEC_AUDITA, 
    IND_ESTADO)
 Values
   ('8101', 'CONCEPCION', '08', 'ADMIN', STR_TO_DATE('09/23/2011 08:30:22', '%m/%d/%Y %H:%i:%s'), 
    'V');
Insert into ADMIN.GG_TCIUDAD
   (COD_CIUDAD, NOM_CIUDAD, COD_REGION, COD_USUARI, FEC_AUDITA, 
    IND_ESTADO)
 Values
   ('8102', 'CORONEL', '08', 'ADMIN', STR_TO_DATE('09/23/2011 08:30:22', '%m/%d/%Y %H:%i:%s'), 
    'V');
Insert into ADMIN.GG_TCIUDAD
   (COD_CIUDAD, NOM_CIUDAD, COD_REGION, COD_USUARI, FEC_AUDITA, 
    IND_ESTADO)
 Values
   ('8106', 'LOTA', '08', 'ADMIN', STR_TO_DATE('09/23/2011 08:30:22', '%m/%d/%Y %H:%i:%s'), 
    'V');
Insert into ADMIN.GG_TCIUDAD
   (COD_CIUDAD, NOM_CIUDAD, COD_REGION, COD_USUARI, FEC_AUDITA, 
    IND_ESTADO)
 Values
   ('8109', 'SANTA JUANA', '08', 'ADMIN', STR_TO_DATE('09/23/2011 08:30:22', '%m/%d/%Y %H:%i:%s'), 
    'V');
Insert into ADMIN.GG_TCIUDAD
   (COD_CIUDAD, NOM_CIUDAD, COD_REGION, COD_USUARI, FEC_AUDITA, 
    IND_ESTADO)
 Values
   ('8104', 'FLORIDA', '08', 'ADMIN', STR_TO_DATE('09/23/2011 08:30:22', '%m/%d/%Y %H:%i:%s'), 
    'V');
Insert into ADMIN.GG_TCIUDAD
   (COD_CIUDAD, NOM_CIUDAD, COD_REGION, COD_USUARI, FEC_AUDITA, 
    IND_ESTADO)
 Values
   ('8108', 'SAN PEDRO DE LA PAZ', '08', 'ADMIN', STR_TO_DATE('09/23/2011 08:30:22', '%m/%d/%Y %H:%i:%s'), 
    'V');
Insert into ADMIN.GG_TCIUDAD
   (COD_CIUDAD, NOM_CIUDAD, COD_REGION, COD_USUARI, FEC_AUDITA, 
    IND_ESTADO)
 Values
   ('8103', 'CHIGUAYANTE', '08', 'ADMIN', STR_TO_DATE('09/23/2011 08:30:22', '%m/%d/%Y %H:%i:%s'), 
    'V');
Insert into ADMIN.GG_TCIUDAD
   (COD_CIUDAD, NOM_CIUDAD, COD_REGION, COD_USUARI, FEC_AUDITA, 
    IND_ESTADO)
 Values
   ('8105', 'HUALQUI', '08', 'ADMIN', STR_TO_DATE('09/23/2011 08:30:22', '%m/%d/%Y %H:%i:%s'), 
    'V');
Insert into ADMIN.GG_TCIUDAD
   (COD_CIUDAD, NOM_CIUDAD, COD_REGION, COD_USUARI, FEC_AUDITA, 
    IND_ESTADO)
 Values
   ('8110', 'TALCAHUANO', '08', 'ADMIN', STR_TO_DATE('09/23/2011 08:30:22', '%m/%d/%Y %H:%i:%s'), 
    'V');
Insert into ADMIN.GG_TCIUDAD
   (COD_CIUDAD, NOM_CIUDAD, COD_REGION, COD_USUARI, FEC_AUDITA, 
    IND_ESTADO)
 Values
   ('8111', 'TOME', '08', 'ADMIN', STR_TO_DATE('09/23/2011 08:30:22', '%m/%d/%Y %H:%i:%s'), 
    'V');
Insert into ADMIN.GG_TCIUDAD
   (COD_CIUDAD, NOM_CIUDAD, COD_REGION, COD_USUARI, FEC_AUDITA, 
    IND_ESTADO)
 Values
   ('8107', 'PENCO', '08', 'ADMIN', STR_TO_DATE('09/23/2011 08:30:22', '%m/%d/%Y %H:%i:%s'), 
    'V');
Insert into ADMIN.GG_TCIUDAD
   (COD_CIUDAD, NOM_CIUDAD, COD_REGION, COD_USUARI, FEC_AUDITA, 
    IND_ESTADO)
 Values
   ('8112', 'HUALPEN', '08', 'ADMIN', STR_TO_DATE('09/23/2011 08:30:22', '%m/%d/%Y %H:%i:%s'), 
    'V');
Insert into ADMIN.GG_TCIUDAD
   (COD_CIUDAD, NOM_CIUDAD, COD_REGION, COD_USUARI, FEC_AUDITA, 
    IND_ESTADO)
 Values
   ('8301', 'LOS ANGELES', '08', 'ADMIN', STR_TO_DATE('09/23/2011 08:30:22', '%m/%d/%Y %H:%i:%s'), 
    'V');
Insert into ADMIN.GG_TCIUDAD
   (COD_CIUDAD, NOM_CIUDAD, COD_REGION, COD_USUARI, FEC_AUDITA, 
    IND_ESTADO)
 Values
   ('8311', 'SANTA BARBARA', '08', 'ADMIN', STR_TO_DATE('09/23/2011 08:30:22', '%m/%d/%Y %H:%i:%s'), 
    'V');
Insert into ADMIN.GG_TCIUDAD
   (COD_CIUDAD, NOM_CIUDAD, COD_REGION, COD_USUARI, FEC_AUDITA, 
    IND_ESTADO)
 Values
   ('8304', 'LAJA', '08', 'ADMIN', STR_TO_DATE('09/23/2011 08:30:22', '%m/%d/%Y %H:%i:%s'), 
    'V');
Insert into ADMIN.GG_TCIUDAD
   (COD_CIUDAD, NOM_CIUDAD, COD_REGION, COD_USUARI, FEC_AUDITA, 
    IND_ESTADO)
 Values
   ('8305', 'MULCHEN', '08', 'ADMIN', STR_TO_DATE('09/23/2011 08:30:22', '%m/%d/%Y %H:%i:%s'), 
    'V');
Insert into ADMIN.GG_TCIUDAD
   (COD_CIUDAD, NOM_CIUDAD, COD_REGION, COD_USUARI, FEC_AUDITA, 
    IND_ESTADO)
 Values
   ('8306', 'NACIMIENTO', '08', 'ADMIN', STR_TO_DATE('09/23/2011 08:30:22', '%m/%d/%Y %H:%i:%s'), 
    'V');
Insert into ADMIN.GG_TCIUDAD
   (COD_CIUDAD, NOM_CIUDAD, COD_REGION, COD_USUARI, FEC_AUDITA, 
    IND_ESTADO)
 Values
   ('8313', 'YUMBEL', '08', 'ADMIN', STR_TO_DATE('09/23/2011 08:30:22', '%m/%d/%Y %H:%i:%s'), 
    'V');
Insert into ADMIN.GG_TCIUDAD
   (COD_CIUDAD, NOM_CIUDAD, COD_REGION, COD_USUARI, FEC_AUDITA, 
    IND_ESTADO)
 Values
   ('8312', 'TUCAPEL', '08', 'ADMIN', STR_TO_DATE('09/23/2011 08:30:22', '%m/%d/%Y %H:%i:%s'), 
    'V');
Insert into ADMIN.GG_TCIUDAD
   (COD_CIUDAD, NOM_CIUDAD, COD_REGION, COD_USUARI, FEC_AUDITA, 
    IND_ESTADO)
 Values
   ('8302', 'ANTUCO', '08', 'ADMIN', STR_TO_DATE('09/23/2011 08:30:22', '%m/%d/%Y %H:%i:%s'), 
    'V');
Insert into ADMIN.GG_TCIUDAD
   (COD_CIUDAD, NOM_CIUDAD, COD_REGION, COD_USUARI, FEC_AUDITA, 
    IND_ESTADO)
 Values
   ('8303', 'CABRERO', '08', 'ADMIN', STR_TO_DATE('09/23/2011 08:30:22', '%m/%d/%Y %H:%i:%s'), 
    'V');
Insert into ADMIN.GG_TCIUDAD
   (COD_CIUDAD, NOM_CIUDAD, COD_REGION, COD_USUARI, FEC_AUDITA, 
    IND_ESTADO)
 Values
   ('8309', 'QUILLECO', '08', 'ADMIN', STR_TO_DATE('09/23/2011 08:30:22', '%m/%d/%Y %H:%i:%s'), 
    'V');
Insert into ADMIN.GG_TCIUDAD
   (COD_CIUDAD, NOM_CIUDAD, COD_REGION, COD_USUARI, FEC_AUDITA, 
    IND_ESTADO)
 Values
   ('8307', 'NEGRETE', '08', 'ADMIN', STR_TO_DATE('09/23/2011 08:30:22', '%m/%d/%Y %H:%i:%s'), 
    'V');
Insert into ADMIN.GG_TCIUDAD
   (COD_CIUDAD, NOM_CIUDAD, COD_REGION, COD_USUARI, FEC_AUDITA, 
    IND_ESTADO)
 Values
   ('8310', 'SAN ROSENDO', '08', 'ADMIN', STR_TO_DATE('09/23/2011 08:30:22', '%m/%d/%Y %H:%i:%s'), 
    'V');
Insert into ADMIN.GG_TCIUDAD
   (COD_CIUDAD, NOM_CIUDAD, COD_REGION, COD_USUARI, FEC_AUDITA, 
    IND_ESTADO)
 Values
   ('8314', 'ALTO BIOBIO', '08', 'ADMIN', STR_TO_DATE('09/23/2011 08:30:22', '%m/%d/%Y %H:%i:%s'), 
    'V');
Insert into ADMIN.GG_TCIUDAD
   (COD_CIUDAD, NOM_CIUDAD, COD_REGION, COD_USUARI, FEC_AUDITA, 
    IND_ESTADO)
 Values
   ('8308', 'QUILACO', '08', 'ADMIN', STR_TO_DATE('09/23/2011 08:30:22', '%m/%d/%Y %H:%i:%s'), 
    'V');
Insert into ADMIN.GG_TCIUDAD
   (COD_CIUDAD, NOM_CIUDAD, COD_REGION, COD_USUARI, FEC_AUDITA, 
    IND_ESTADO)
 Values
   ('9101', 'TEMUCO', '09', 'ADMIN', STR_TO_DATE('09/23/2011 08:30:22', '%m/%d/%Y %H:%i:%s'), 
    'V');
Insert into ADMIN.GG_TCIUDAD
   (COD_CIUDAD, NOM_CIUDAD, COD_REGION, COD_USUARI, FEC_AUDITA, 
    IND_ESTADO)
 Values
   ('9114', 'PITRUFQUEN', '09', 'ADMIN', STR_TO_DATE('09/23/2011 08:30:22', '%m/%d/%Y %H:%i:%s'), 
    'V');
Insert into ADMIN.GG_TCIUDAD
   (COD_CIUDAD, NOM_CIUDAD, COD_REGION, COD_USUARI, FEC_AUDITA, 
    IND_ESTADO)
 Values
   ('9108', 'LAUTARO', '09', 'ADMIN', STR_TO_DATE('09/23/2011 08:30:22', '%m/%d/%Y %H:%i:%s'), 
    'V');
Insert into ADMIN.GG_TCIUDAD
   (COD_CIUDAD, NOM_CIUDAD, COD_REGION, COD_USUARI, FEC_AUDITA, 
    IND_ESTADO)
 Values
   ('9106', 'GALVARINO', '09', 'ADMIN', STR_TO_DATE('09/23/2011 08:30:22', '%m/%d/%Y %H:%i:%s'), 
    'V');
Insert into ADMIN.GG_TCIUDAD
   (COD_CIUDAD, NOM_CIUDAD, COD_REGION, COD_USUARI, FEC_AUDITA, 
    IND_ESTADO)
 Values
   ('9119', 'VILCUN', '09', 'ADMIN', STR_TO_DATE('09/23/2011 08:30:22', '%m/%d/%Y %H:%i:%s'), 
    'V');
Insert into ADMIN.GG_TCIUDAD
   (COD_CIUDAD, NOM_CIUDAD, COD_REGION, COD_USUARI, FEC_AUDITA, 
    IND_ESTADO)
 Values
   ('9103', 'CUNCO', '09', 'ADMIN', STR_TO_DATE('09/23/2011 08:30:22', '%m/%d/%Y %H:%i:%s'), 
    'V');
Insert into ADMIN.GG_TCIUDAD
   (COD_CIUDAD, NOM_CIUDAD, COD_REGION, COD_USUARI, FEC_AUDITA, 
    IND_ESTADO)
 Values
   ('9111', 'NUEVA IMPERIAL', '09', 'ADMIN', STR_TO_DATE('09/23/2011 08:30:22', '%m/%d/%Y %H:%i:%s'), 
    'V');
Insert into ADMIN.GG_TCIUDAD
   (COD_CIUDAD, NOM_CIUDAD, COD_REGION, COD_USUARI, FEC_AUDITA, 
    IND_ESTADO)
 Values
   ('9102', 'CARAHUE', '09', 'ADMIN', STR_TO_DATE('09/23/2011 08:30:22', '%m/%d/%Y %H:%i:%s'), 
    'V');
Insert into ADMIN.GG_TCIUDAD
   (COD_CIUDAD, NOM_CIUDAD, COD_REGION, COD_USUARI, FEC_AUDITA, 
    IND_ESTADO)
 Values
   ('9116', 'SAAVEDRA', '09', 'ADMIN', STR_TO_DATE('09/23/2011 08:30:22', '%m/%d/%Y %H:%i:%s'), 
    'V');
Insert into ADMIN.GG_TCIUDAD
   (COD_CIUDAD, NOM_CIUDAD, COD_REGION, COD_USUARI, FEC_AUDITA, 
    IND_ESTADO)
 Values
   ('9118', 'TOLTEN', '09', 'ADMIN', STR_TO_DATE('09/23/2011 08:30:22', '%m/%d/%Y %H:%i:%s'), 
    'V');
Insert into ADMIN.GG_TCIUDAD
   (COD_CIUDAD, NOM_CIUDAD, COD_REGION, COD_USUARI, FEC_AUDITA, 
    IND_ESTADO)
 Values
   ('9107', 'GORBEA', '09', 'ADMIN', STR_TO_DATE('09/23/2011 08:30:22', '%m/%d/%Y %H:%i:%s'), 
    'V');
Insert into ADMIN.GG_TCIUDAD
   (COD_CIUDAD, NOM_CIUDAD, COD_REGION, COD_USUARI, FEC_AUDITA, 
    IND_ESTADO)
 Values
   ('9109', 'LONCOCHE', '09', 'ADMIN', STR_TO_DATE('09/23/2011 08:30:22', '%m/%d/%Y %H:%i:%s'), 
    'V');
Insert into ADMIN.GG_TCIUDAD
   (COD_CIUDAD, NOM_CIUDAD, COD_REGION, COD_USUARI, FEC_AUDITA, 
    IND_ESTADO)
 Values
   ('9120', 'VILLARRICA', '09', 'ADMIN', STR_TO_DATE('09/23/2011 08:30:22', '%m/%d/%Y %H:%i:%s'), 
    'V');
Insert into ADMIN.GG_TCIUDAD
   (COD_CIUDAD, NOM_CIUDAD, COD_REGION, COD_USUARI, FEC_AUDITA, 
    IND_ESTADO)
 Values
   ('9115', 'PUCON', '09', 'ADMIN', STR_TO_DATE('09/23/2011 08:30:22', '%m/%d/%Y %H:%i:%s'), 
    'V');
Insert into ADMIN.GG_TCIUDAD
   (COD_CIUDAD, NOM_CIUDAD, COD_REGION, COD_USUARI, FEC_AUDITA, 
    IND_ESTADO)
 Values
   ('9112', 'PADRE LAS CASAS', '09', 'ADMIN', STR_TO_DATE('09/23/2011 08:30:22', '%m/%d/%Y %H:%i:%s'), 
    'V');
Insert into ADMIN.GG_TCIUDAD
   (COD_CIUDAD, NOM_CIUDAD, COD_REGION, COD_USUARI, FEC_AUDITA, 
    IND_ESTADO)
 Values
   ('9105', 'FREIRE', '09', 'ADMIN', STR_TO_DATE('09/23/2011 08:30:22', '%m/%d/%Y %H:%i:%s'), 
    'V');
Insert into ADMIN.GG_TCIUDAD
   (COD_CIUDAD, NOM_CIUDAD, COD_REGION, COD_USUARI, FEC_AUDITA, 
    IND_ESTADO)
 Values
   ('9110', 'MELIPEUCO', '09', 'ADMIN', STR_TO_DATE('09/23/2011 08:30:22', '%m/%d/%Y %H:%i:%s'), 
    'V');
Insert into ADMIN.GG_TCIUDAD
   (COD_CIUDAD, NOM_CIUDAD, COD_REGION, COD_USUARI, FEC_AUDITA, 
    IND_ESTADO)
 Values
   ('9117', 'TEODORO SCHMIDT', '09', 'ADMIN', STR_TO_DATE('09/23/2011 08:30:22', '%m/%d/%Y %H:%i:%s'), 
    'V');
Insert into ADMIN.GG_TCIUDAD
   (COD_CIUDAD, NOM_CIUDAD, COD_REGION, COD_USUARI, FEC_AUDITA, 
    IND_ESTADO)
 Values
   ('9104', 'CURARREHUE', '09', 'ADMIN', STR_TO_DATE('09/23/2011 08:30:22', '%m/%d/%Y %H:%i:%s'), 
    'V');
Insert into ADMIN.GG_TCIUDAD
   (COD_CIUDAD, NOM_CIUDAD, COD_REGION, COD_USUARI, FEC_AUDITA, 
    IND_ESTADO)
 Values
   ('9113', 'PERQUENCO', '09', 'ADMIN', STR_TO_DATE('09/23/2011 08:30:22', '%m/%d/%Y %H:%i:%s'), 
    'V');
Insert into ADMIN.GG_TCIUDAD
   (COD_CIUDAD, NOM_CIUDAD, COD_REGION, COD_USUARI, FEC_AUDITA, 
    IND_ESTADO)
 Values
   ('9121', 'CHOLCHOL', '09', 'ADMIN', STR_TO_DATE('09/23/2011 08:30:22', '%m/%d/%Y %H:%i:%s'), 
    'V');
Insert into ADMIN.GG_TCIUDAD
   (COD_CIUDAD, NOM_CIUDAD, COD_REGION, COD_USUARI, FEC_AUDITA, 
    IND_ESTADO)
 Values
   ('14101', 'VALDIVIA', '14', 'ADMIN', STR_TO_DATE('09/23/2011 08:30:22', '%m/%d/%Y %H:%i:%s'), 
    'V');
Insert into ADMIN.GG_TCIUDAD
   (COD_CIUDAD, NOM_CIUDAD, COD_REGION, COD_USUARI, FEC_AUDITA, 
    IND_ESTADO)
 Values
   ('14102', 'CORRAL', '14', 'ADMIN', STR_TO_DATE('09/23/2011 08:30:22', '%m/%d/%Y %H:%i:%s'), 
    'V');
Insert into ADMIN.GG_TCIUDAD
   (COD_CIUDAD, NOM_CIUDAD, COD_REGION, COD_USUARI, FEC_AUDITA, 
    IND_ESTADO)
 Values
   ('14104', 'LOS LAGOS', '14', 'ADMIN', STR_TO_DATE('09/23/2011 08:30:22', '%m/%d/%Y %H:%i:%s'), 
    'V');
Insert into ADMIN.GG_TCIUDAD
   (COD_CIUDAD, NOM_CIUDAD, COD_REGION, COD_USUARI, FEC_AUDITA, 
    IND_ESTADO)
 Values
   ('14103', 'LANCO', '14', 'ADMIN', STR_TO_DATE('09/23/2011 08:30:22', '%m/%d/%Y %H:%i:%s'), 
    'V');
Insert into ADMIN.GG_TCIUDAD
   (COD_CIUDAD, NOM_CIUDAD, COD_REGION, COD_USUARI, FEC_AUDITA, 
    IND_ESTADO)
 Values
   ('14201', 'LA UNION', '14', 'ADMIN', STR_TO_DATE('09/23/2011 08:30:22', '%m/%d/%Y %H:%i:%s'), 
    'V');
Insert into ADMIN.GG_TCIUDAD
   (COD_CIUDAD, NOM_CIUDAD, COD_REGION, COD_USUARI, FEC_AUDITA, 
    IND_ESTADO)
 Values
   ('14204', 'RIO BUENO', '14', 'ADMIN', STR_TO_DATE('09/23/2011 08:30:22', '%m/%d/%Y %H:%i:%s'), 
    'V');
Insert into ADMIN.GG_TCIUDAD
   (COD_CIUDAD, NOM_CIUDAD, COD_REGION, COD_USUARI, FEC_AUDITA, 
    IND_ESTADO)
 Values
   ('14107', 'PAILLACO', '14', 'ADMIN', STR_TO_DATE('09/23/2011 08:30:22', '%m/%d/%Y %H:%i:%s'), 
    'V');
Insert into ADMIN.GG_TCIUDAD
   (COD_CIUDAD, NOM_CIUDAD, COD_REGION, COD_USUARI, FEC_AUDITA, 
    IND_ESTADO)
 Values
   ('14106', 'MARIQUINA', '14', 'ADMIN', STR_TO_DATE('09/23/2011 08:30:22', '%m/%d/%Y %H:%i:%s'), 
    'V');
Insert into ADMIN.GG_TCIUDAD
   (COD_CIUDAD, NOM_CIUDAD, COD_REGION, COD_USUARI, FEC_AUDITA, 
    IND_ESTADO)
 Values
   ('14108', 'PANGUIPULLI', '14', 'ADMIN', STR_TO_DATE('09/23/2011 08:30:22', '%m/%d/%Y %H:%i:%s'), 
    'V');
Insert into ADMIN.GG_TCIUDAD
   (COD_CIUDAD, NOM_CIUDAD, COD_REGION, COD_USUARI, FEC_AUDITA, 
    IND_ESTADO)
 Values
   ('14202', 'FUTRONO', '14', 'ADMIN', STR_TO_DATE('09/23/2011 08:30:22', '%m/%d/%Y %H:%i:%s'), 
    'V');
Insert into ADMIN.GG_TCIUDAD
   (COD_CIUDAD, NOM_CIUDAD, COD_REGION, COD_USUARI, FEC_AUDITA, 
    IND_ESTADO)
 Values
   ('14203', 'LAGO RANCO', '14', 'ADMIN', STR_TO_DATE('09/23/2011 08:30:22', '%m/%d/%Y %H:%i:%s'), 
    'V');
Insert into ADMIN.GG_TCIUDAD
   (COD_CIUDAD, NOM_CIUDAD, COD_REGION, COD_USUARI, FEC_AUDITA, 
    IND_ESTADO)
 Values
   ('14105', 'MAFIL', '14', 'ADMIN', STR_TO_DATE('09/23/2011 08:30:22', '%m/%d/%Y %H:%i:%s'), 
    'V');
Insert into ADMIN.GG_TCIUDAD
   (COD_CIUDAD, NOM_CIUDAD, COD_REGION, COD_USUARI, FEC_AUDITA, 
    IND_ESTADO)
 Values
   ('10301', 'OSORNO', '10', 'ADMIN', STR_TO_DATE('09/23/2011 08:30:22', '%m/%d/%Y %H:%i:%s'), 
    'V');
Insert into ADMIN.GG_TCIUDAD
   (COD_CIUDAD, NOM_CIUDAD, COD_REGION, COD_USUARI, FEC_AUDITA, 
    IND_ESTADO)
 Values
   ('10303', 'PURRANQUE', '10', 'ADMIN', STR_TO_DATE('09/23/2011 08:30:22', '%m/%d/%Y %H:%i:%s'), 
    'V');
Insert into ADMIN.GG_TCIUDAD
   (COD_CIUDAD, NOM_CIUDAD, COD_REGION, COD_USUARI, FEC_AUDITA, 
    IND_ESTADO)
 Values
   ('10305', 'RIO NEGRO', '10', 'ADMIN', STR_TO_DATE('09/23/2011 08:30:22', '%m/%d/%Y %H:%i:%s'), 
    'V');

COMMIT;

CREATE TABLE ADMIN.GG_TREGION (
  COD_REGION  VARCHAR(3) NOT NULL,
  NOM_REGION  VARCHAR(30),
  COD_USUARI  VARCHAR(60),
  FEC_AUDITA  DATE,
  IND_ESTADO  VARCHAR(1)
);


Insert into ADMIN.GG_TREGION
   (COD_REGION, NOM_REGION, COD_USUARI, FEC_AUDITA, IND_ESTADO)
 Values
   ('01', 'TARAPACA', 'ADMIN', STR_TO_DATE('09/13/2002 12:48:39', '%m/%d/%Y %H:%i:%s'), 'V');
Insert into ADMIN.GG_TREGION
   (COD_REGION, NOM_REGION, COD_USUARI, FEC_AUDITA, IND_ESTADO)
 Values
   ('02', 'ANTOFAGASTA', 'ADMIN', STR_TO_DATE('09/13/2002 12:48:39', '%m/%d/%Y %H:%i:%s'), 'V');
Insert into ADMIN.GG_TREGION
   (COD_REGION, NOM_REGION, COD_USUARI, FEC_AUDITA, IND_ESTADO)
 Values
   ('03', 'ATACAMA', 'ADMIN', STR_TO_DATE('09/13/2002 12:48:39', '%m/%d/%Y %H:%i:%s'), 'V');
Insert into ADMIN.GG_TREGION
   (COD_REGION, NOM_REGION, COD_USUARI, FEC_AUDITA, IND_ESTADO)
 Values
   ('04', 'COQUIMBO', 'ADMIN', STR_TO_DATE('09/13/2002 12:48:39', '%m/%d/%Y %H:%i:%s'), 'V');
Insert into ADMIN.GG_TREGION
   (COD_REGION, NOM_REGION, COD_USUARI, FEC_AUDITA, IND_ESTADO)
 Values
   ('05', 'VALPARAISO', 'ADMIN', STR_TO_DATE('09/13/2002 12:48:39', '%m/%d/%Y %H:%i:%s'), 'V');
Insert into ADMIN.GG_TREGION
   (COD_REGION, NOM_REGION, COD_USUARI, FEC_AUDITA, IND_ESTADO)
 Values
   ('06', 'LIB GRAL BDO O''HIGGINS', 'ADMIN', STR_TO_DATE('09/13/2002 12:48:39', '%m/%d/%Y %H:%i:%s'), 'V');
Insert into ADMIN.GG_TREGION
   (COD_REGION, NOM_REGION, COD_USUARI, FEC_AUDITA, IND_ESTADO)
 Values
   ('07', 'DEL MAULE', 'ADMIN', STR_TO_DATE('09/13/2002 12:48:39', '%m/%d/%Y %H:%i:%s'), 'V');
Insert into ADMIN.GG_TREGION
   (COD_REGION, NOM_REGION, COD_USUARI, FEC_AUDITA, IND_ESTADO)
 Values
   ('08', 'BIO-BIO', 'ADMIN', STR_TO_DATE('09/13/2002 12:48:39', '%m/%d/%Y %H:%i:%s'), 'V');
Insert into ADMIN.GG_TREGION
   (COD_REGION, NOM_REGION, COD_USUARI, FEC_AUDITA, IND_ESTADO)
 Values
   ('09', 'ARAUCANIA', 'ADMIN', STR_TO_DATE('09/13/2002 12:48:39', '%m/%d/%Y %H:%i:%s'), 'V');
Insert into ADMIN.GG_TREGION
   (COD_REGION, NOM_REGION, COD_USUARI, FEC_AUDITA, IND_ESTADO)
 Values
   ('10', 'DE LOS LAGOS', 'ADMIN', STR_TO_DATE('09/13/2002 12:48:39', '%m/%d/%Y %H:%i:%s'), 'V');
Insert into ADMIN.GG_TREGION
   (COD_REGION, NOM_REGION, COD_USUARI, FEC_AUDITA, IND_ESTADO)
 Values
   ('11', 'AISEN', 'ADMIN', STR_TO_DATE('09/13/2002 12:48:39', '%m/%d/%Y %H:%i:%s'), 'V');
Insert into ADMIN.GG_TREGION
   (COD_REGION, NOM_REGION, COD_USUARI, FEC_AUDITA, IND_ESTADO)
 Values
   ('12', 'MAGALLANES Y ANTARTICA', 'ADMIN', STR_TO_DATE('09/13/2002 12:48:39', '%m/%d/%Y %H:%i:%s'), 'V');
Insert into ADMIN.GG_TREGION
   (COD_REGION, NOM_REGION, COD_USUARI, FEC_AUDITA, IND_ESTADO)
 Values
   ('13', 'METROPOLITANA', 'ADMIN', STR_TO_DATE('09/13/2002 12:48:39', '%m/%d/%Y %H:%i:%s'), 'V');
Insert into ADMIN.GG_TREGION
   (COD_REGION, NOM_REGION, COD_USUARI, FEC_AUDITA, IND_ESTADO)
 Values
   ('99', 'IGNORADA', 'ADMIN', STR_TO_DATE('09/13/2002 12:48:39', '%m/%d/%Y %H:%i:%s'), 'V');
COMMIT;


CREATE TABLE ADMIN.GG_TCOMUNA (
  COD_COMUNA  VARCHAR(5),
  NOM_COMUNA  VARCHAR(30),
  COD_PROVIN  VARCHAR(4),
  FEC_AUDITA  DATE,
  COD_USUARI  VARCHAR(60),
  IND_ESTADO  CHAR(1),
  COD_NUEVO   VARCHAR(5)
);


Insert into ADMIN.GG_TCOMUNA
   (COD_COMUNA, NOM_COMUNA, COD_PROVIN, FEC_AUDITA, COD_USUARI, 
    IND_ESTADO, COD_NUEVO)
 Values
   ('01101', 'IQUIQUE', '011', STR_TO_DATE('09/13/2002 14:25:23', '%m/%d/%Y %H:%i:%s'), 'ADMIN', 
    'V', NULL);
Insert into ADMIN.GG_TCOMUNA
   (COD_COMUNA, NOM_COMUNA, COD_PROVIN, FEC_AUDITA, COD_USUARI, 
    IND_ESTADO, COD_NUEVO)
 Values
   ('01102', 'CAMIÑA', '011', STR_TO_DATE('09/13/2002 14:25:23', '%m/%d/%Y %H:%i:%s'), 'ADMIN', 
    'V', NULL);
Insert into ADMIN.GG_TCOMUNA
   (COD_COMUNA, NOM_COMUNA, COD_PROVIN, FEC_AUDITA, COD_USUARI, 
    IND_ESTADO, COD_NUEVO)
 Values
   ('01103', 'COLCHANE', '011', STR_TO_DATE('09/13/2002 14:25:23', '%m/%d/%Y %H:%i:%s'), 'ADMIN', 
    'V', NULL);
Insert into ADMIN.GG_TCOMUNA
   (COD_COMUNA, NOM_COMUNA, COD_PROVIN, FEC_AUDITA, COD_USUARI, 
    IND_ESTADO, COD_NUEVO)
 Values
   ('01104', 'HUARA', '011', STR_TO_DATE('09/13/2002 14:25:23', '%m/%d/%Y %H:%i:%s'), 'ADMIN', 
    'V', NULL);
Insert into ADMIN.GG_TCOMUNA
   (COD_COMUNA, NOM_COMUNA, COD_PROVIN, FEC_AUDITA, COD_USUARI, 
    IND_ESTADO, COD_NUEVO)
 Values
   ('01105', 'PICA', '011', STR_TO_DATE('09/13/2002 14:25:23', '%m/%d/%Y %H:%i:%s'), 'ADMIN', 
    'V', NULL);
Insert into ADMIN.GG_TCOMUNA
   (COD_COMUNA, NOM_COMUNA, COD_PROVIN, FEC_AUDITA, COD_USUARI, 
    IND_ESTADO, COD_NUEVO)
 Values
   ('01106', 'POZO ALMONTE', '011', STR_TO_DATE('09/13/2002 14:25:23', '%m/%d/%Y %H:%i:%s'), 'ADMIN', 
    'V', NULL);
Insert into ADMIN.GG_TCOMUNA
   (COD_COMUNA, NOM_COMUNA, COD_PROVIN, FEC_AUDITA, COD_USUARI, 
    IND_ESTADO, COD_NUEVO)
 Values
   ('01201', 'ARICA', '012', STR_TO_DATE('09/13/2002 14:25:23', '%m/%d/%Y %H:%i:%s'), 'ADMIN', 
    'V', NULL);
Insert into ADMIN.GG_TCOMUNA
   (COD_COMUNA, NOM_COMUNA, COD_PROVIN, FEC_AUDITA, COD_USUARI, 
    IND_ESTADO, COD_NUEVO)
 Values
   ('01202', 'CAMARONES', '012', STR_TO_DATE('09/13/2002 14:25:23', '%m/%d/%Y %H:%i:%s'), 'ADMIN', 
    'V', NULL);
Insert into ADMIN.GG_TCOMUNA
   (COD_COMUNA, NOM_COMUNA, COD_PROVIN, FEC_AUDITA, COD_USUARI, 
    IND_ESTADO, COD_NUEVO)
 Values
   ('01301', 'PUTRE', '013', STR_TO_DATE('09/13/2002 14:25:23', '%m/%d/%Y %H:%i:%s'), 'ADMIN', 
    'V', NULL);
Insert into ADMIN.GG_TCOMUNA
   (COD_COMUNA, NOM_COMUNA, COD_PROVIN, FEC_AUDITA, COD_USUARI, 
    IND_ESTADO, COD_NUEVO)
 Values
   ('01302', 'GENERAL LAGOS', '013', STR_TO_DATE('09/13/2002 14:25:23', '%m/%d/%Y %H:%i:%s'), 'ADMIN', 
    'V', NULL);
Insert into ADMIN.GG_TCOMUNA
   (COD_COMUNA, NOM_COMUNA, COD_PROVIN, FEC_AUDITA, COD_USUARI, 
    IND_ESTADO, COD_NUEVO)
 Values
   ('02101', 'ANTOFAGASTA', '021', STR_TO_DATE('09/13/2002 14:25:23', '%m/%d/%Y %H:%i:%s'), 'ADMIN', 
    'V', NULL);
Insert into ADMIN.GG_TCOMUNA
   (COD_COMUNA, NOM_COMUNA, COD_PROVIN, FEC_AUDITA, COD_USUARI, 
    IND_ESTADO, COD_NUEVO)
 Values
   ('02102', 'MEJILLONES', '021', STR_TO_DATE('09/13/2002 14:25:23', '%m/%d/%Y %H:%i:%s'), 'ADMIN', 
    'V', NULL);
Insert into ADMIN.GG_TCOMUNA
   (COD_COMUNA, NOM_COMUNA, COD_PROVIN, FEC_AUDITA, COD_USUARI, 
    IND_ESTADO, COD_NUEVO)
 Values
   ('02103', 'SIERRA GORDA', '021', STR_TO_DATE('09/13/2002 14:25:23', '%m/%d/%Y %H:%i:%s'), 'ADMIN', 
    'V', NULL);
Insert into ADMIN.GG_TCOMUNA
   (COD_COMUNA, NOM_COMUNA, COD_PROVIN, FEC_AUDITA, COD_USUARI, 
    IND_ESTADO, COD_NUEVO)
 Values
   ('02104', 'TALTAL', '021', STR_TO_DATE('09/13/2002 14:25:23', '%m/%d/%Y %H:%i:%s'), 'ADMIN', 
    'V', NULL);
Insert into ADMIN.GG_TCOMUNA
   (COD_COMUNA, NOM_COMUNA, COD_PROVIN, FEC_AUDITA, COD_USUARI, 
    IND_ESTADO, COD_NUEVO)
 Values
   ('02201', 'CALAMA', '022', STR_TO_DATE('09/13/2002 14:25:23', '%m/%d/%Y %H:%i:%s'), 'ADMIN', 
    'V', NULL);
Insert into ADMIN.GG_TCOMUNA
   (COD_COMUNA, NOM_COMUNA, COD_PROVIN, FEC_AUDITA, COD_USUARI, 
    IND_ESTADO, COD_NUEVO)
 Values
   ('02202', 'OLLAGUE', '022', STR_TO_DATE('09/13/2002 14:25:23', '%m/%d/%Y %H:%i:%s'), 'ADMIN', 
    'V', NULL);
Insert into ADMIN.GG_TCOMUNA
   (COD_COMUNA, NOM_COMUNA, COD_PROVIN, FEC_AUDITA, COD_USUARI, 
    IND_ESTADO, COD_NUEVO)
 Values
   ('02203', 'SAN PEDRO DE ATACAMA', '022', STR_TO_DATE('09/13/2002 14:25:23', '%m/%d/%Y %H:%i:%s'), 'ADMIN', 
    'V', NULL);
Insert into ADMIN.GG_TCOMUNA
   (COD_COMUNA, NOM_COMUNA, COD_PROVIN, FEC_AUDITA, COD_USUARI, 
    IND_ESTADO, COD_NUEVO)
 Values
   ('02301', 'TOCOPILLA', '023', STR_TO_DATE('09/13/2002 14:25:23', '%m/%d/%Y %H:%i:%s'), 'ADMIN', 
    'V', NULL);
Insert into ADMIN.GG_TCOMUNA
   (COD_COMUNA, NOM_COMUNA, COD_PROVIN, FEC_AUDITA, COD_USUARI, 
    IND_ESTADO, COD_NUEVO)
 Values
   ('02302', 'MARIA ELENA', '023', STR_TO_DATE('09/13/2002 14:25:23', '%m/%d/%Y %H:%i:%s'), 'ADMIN', 
    'V', NULL);
Insert into ADMIN.GG_TCOMUNA
   (COD_COMUNA, NOM_COMUNA, COD_PROVIN, FEC_AUDITA, COD_USUARI, 
    IND_ESTADO, COD_NUEVO)
 Values
   ('03101', 'COPIAPO', '031', STR_TO_DATE('09/13/2002 14:25:23', '%m/%d/%Y %H:%i:%s'), 'ADMIN', 
    'V', NULL);
Insert into ADMIN.GG_TCOMUNA
   (COD_COMUNA, NOM_COMUNA, COD_PROVIN, FEC_AUDITA, COD_USUARI, 
    IND_ESTADO, COD_NUEVO)
 Values
   ('03102', 'CALDERA', '031', STR_TO_DATE('09/13/2002 14:25:23', '%m/%d/%Y %H:%i:%s'), 'ADMIN', 
    'V', NULL);
Insert into ADMIN.GG_TCOMUNA
   (COD_COMUNA, NOM_COMUNA, COD_PROVIN, FEC_AUDITA, COD_USUARI, 
    IND_ESTADO, COD_NUEVO)
 Values
   ('03103', 'TIERRA AMARILLA', '031', STR_TO_DATE('09/13/2002 14:25:23', '%m/%d/%Y %H:%i:%s'), 'ADMIN', 
    'V', NULL);
Insert into ADMIN.GG_TCOMUNA
   (COD_COMUNA, NOM_COMUNA, COD_PROVIN, FEC_AUDITA, COD_USUARI, 
    IND_ESTADO, COD_NUEVO)
 Values
   ('03201', 'CHAÑARAL', '032', STR_TO_DATE('09/13/2002 14:25:23', '%m/%d/%Y %H:%i:%s'), 'ADMIN', 
    'V', NULL);
Insert into ADMIN.GG_TCOMUNA
   (COD_COMUNA, NOM_COMUNA, COD_PROVIN, FEC_AUDITA, COD_USUARI, 
    IND_ESTADO, COD_NUEVO)
 Values
   ('03202', 'DIEGO DE ALMAGRO', '032', STR_TO_DATE('09/13/2002 14:25:23', '%m/%d/%Y %H:%i:%s'), 'ADMIN', 
    'V', NULL);
Insert into ADMIN.GG_TCOMUNA
   (COD_COMUNA, NOM_COMUNA, COD_PROVIN, FEC_AUDITA, COD_USUARI, 
    IND_ESTADO, COD_NUEVO)
 Values
   ('03301', 'VALLENAR', '033', STR_TO_DATE('09/13/2002 14:25:23', '%m/%d/%Y %H:%i:%s'), 'ADMIN', 
    'V', NULL);
Insert into ADMIN.GG_TCOMUNA
   (COD_COMUNA, NOM_COMUNA, COD_PROVIN, FEC_AUDITA, COD_USUARI, 
    IND_ESTADO, COD_NUEVO)
 Values
   ('03302', 'ALTO DEL CARMEN', '033', STR_TO_DATE('09/13/2002 14:25:23', '%m/%d/%Y %H:%i:%s'), 'ADMIN', 
    'V', NULL);
Insert into ADMIN.GG_TCOMUNA
   (COD_COMUNA, NOM_COMUNA, COD_PROVIN, FEC_AUDITA, COD_USUARI, 
    IND_ESTADO, COD_NUEVO)
 Values
   ('03303', 'FREIRINA', '033', STR_TO_DATE('09/13/2002 14:25:23', '%m/%d/%Y %H:%i:%s'), 'ADMIN', 
    'V', NULL);
Insert into ADMIN.GG_TCOMUNA
   (COD_COMUNA, NOM_COMUNA, COD_PROVIN, FEC_AUDITA, COD_USUARI, 
    IND_ESTADO, COD_NUEVO)
 Values
   ('03304', 'HUASCO', '033', STR_TO_DATE('09/13/2002 14:25:23', '%m/%d/%Y %H:%i:%s'), 'ADMIN', 
    'V', NULL);
Insert into ADMIN.GG_TCOMUNA
   (COD_COMUNA, NOM_COMUNA, COD_PROVIN, FEC_AUDITA, COD_USUARI, 
    IND_ESTADO, COD_NUEVO)
 Values
   ('04101', 'LA SERENA', '041', STR_TO_DATE('09/13/2002 14:25:23', '%m/%d/%Y %H:%i:%s'), 'ADMIN', 
    'V', NULL);
Insert into ADMIN.GG_TCOMUNA
   (COD_COMUNA, NOM_COMUNA, COD_PROVIN, FEC_AUDITA, COD_USUARI, 
    IND_ESTADO, COD_NUEVO)
 Values
   ('04102', 'COQUIMBO', '041', STR_TO_DATE('09/13/2002 14:25:23', '%m/%d/%Y %H:%i:%s'), 'ADMIN', 
    'V', NULL);
Insert into ADMIN.GG_TCOMUNA
   (COD_COMUNA, NOM_COMUNA, COD_PROVIN, FEC_AUDITA, COD_USUARI, 
    IND_ESTADO, COD_NUEVO)
 Values
   ('04103', 'ANDACOLLO', '041', STR_TO_DATE('09/13/2002 14:25:23', '%m/%d/%Y %H:%i:%s'), 'ADMIN', 
    'V', NULL);
Insert into ADMIN.GG_TCOMUNA
   (COD_COMUNA, NOM_COMUNA, COD_PROVIN, FEC_AUDITA, COD_USUARI, 
    IND_ESTADO, COD_NUEVO)
 Values
   ('04104', 'LA HIGUERA', '041', STR_TO_DATE('09/13/2002 14:25:23', '%m/%d/%Y %H:%i:%s'), 'ADMIN', 
    'V', NULL);
Insert into ADMIN.GG_TCOMUNA
   (COD_COMUNA, NOM_COMUNA, COD_PROVIN, FEC_AUDITA, COD_USUARI, 
    IND_ESTADO, COD_NUEVO)
 Values
   ('04105', 'PAIGUANO', '041', STR_TO_DATE('09/13/2002 14:25:23', '%m/%d/%Y %H:%i:%s'), 'ADMIN', 
    'V', NULL);
Insert into ADMIN.GG_TCOMUNA
   (COD_COMUNA, NOM_COMUNA, COD_PROVIN, FEC_AUDITA, COD_USUARI, 
    IND_ESTADO, COD_NUEVO)
 Values
   ('04106', 'VICUÑA', '041', STR_TO_DATE('09/13/2002 14:25:23', '%m/%d/%Y %H:%i:%s'), 'ADMIN', 
    'V', NULL);
Insert into ADMIN.GG_TCOMUNA
   (COD_COMUNA, NOM_COMUNA, COD_PROVIN, FEC_AUDITA, COD_USUARI, 
    IND_ESTADO, COD_NUEVO)
 Values
   ('04201', 'ILLAPEL', '042', STR_TO_DATE('09/13/2002 14:25:23', '%m/%d/%Y %H:%i:%s'), 'ADMIN', 
    'V', NULL);
Insert into ADMIN.GG_TCOMUNA
   (COD_COMUNA, NOM_COMUNA, COD_PROVIN, FEC_AUDITA, COD_USUARI, 
    IND_ESTADO, COD_NUEVO)
 Values
   ('04202', 'CANELA', '042', STR_TO_DATE('09/13/2002 14:25:23', '%m/%d/%Y %H:%i:%s'), 'ADMIN', 
    'V', NULL);
Insert into ADMIN.GG_TCOMUNA
   (COD_COMUNA, NOM_COMUNA, COD_PROVIN, FEC_AUDITA, COD_USUARI, 
    IND_ESTADO, COD_NUEVO)
 Values
   ('04203', 'LOS VILOS', '042', STR_TO_DATE('09/13/2002 14:25:23', '%m/%d/%Y %H:%i:%s'), 'ADMIN', 
    'V', NULL);
Insert into ADMIN.GG_TCOMUNA
   (COD_COMUNA, NOM_COMUNA, COD_PROVIN, FEC_AUDITA, COD_USUARI, 
    IND_ESTADO, COD_NUEVO)
 Values
   ('04204', 'SALAMANCA', '042', STR_TO_DATE('09/13/2002 14:25:23', '%m/%d/%Y %H:%i:%s'), 'ADMIN', 
    'V', NULL);
Insert into ADMIN.GG_TCOMUNA
   (COD_COMUNA, NOM_COMUNA, COD_PROVIN, FEC_AUDITA, COD_USUARI, 
    IND_ESTADO, COD_NUEVO)
 Values
   ('04301', 'OVALLE', '043', STR_TO_DATE('09/13/2002 14:25:23', '%m/%d/%Y %H:%i:%s'), 'ADMIN', 
    'V', NULL);
Insert into ADMIN.GG_TCOMUNA
   (COD_COMUNA, NOM_COMUNA, COD_PROVIN, FEC_AUDITA, COD_USUARI, 
    IND_ESTADO, COD_NUEVO)
 Values
   ('04302', 'COMBARBALA', '043', STR_TO_DATE('09/13/2002 14:25:23', '%m/%d/%Y %H:%i:%s'), 'ADMIN', 
    'V', NULL);
Insert into ADMIN.GG_TCOMUNA
   (COD_COMUNA, NOM_COMUNA, COD_PROVIN, FEC_AUDITA, COD_USUARI, 
    IND_ESTADO, COD_NUEVO)
 Values
   ('04303', 'MONTE PATRIA', '043', STR_TO_DATE('09/13/2002 14:25:23', '%m/%d/%Y %H:%i:%s'), 'ADMIN', 
    'V', NULL);
Insert into ADMIN.GG_TCOMUNA
   (COD_COMUNA, NOM_COMUNA, COD_PROVIN, FEC_AUDITA, COD_USUARI, 
    IND_ESTADO, COD_NUEVO)
 Values
   ('04304', 'PUNITAQUI', '043', STR_TO_DATE('09/13/2002 14:25:23', '%m/%d/%Y %H:%i:%s'), 'ADMIN', 
    'V', NULL);
Insert into ADMIN.GG_TCOMUNA
   (COD_COMUNA, NOM_COMUNA, COD_PROVIN, FEC_AUDITA, COD_USUARI, 
    IND_ESTADO, COD_NUEVO)
 Values
   ('04305', 'RIO HURTADO', '043', STR_TO_DATE('09/13/2002 14:25:23', '%m/%d/%Y %H:%i:%s'), 'ADMIN', 
    'V', NULL);
Insert into ADMIN.GG_TCOMUNA
   (COD_COMUNA, NOM_COMUNA, COD_PROVIN, FEC_AUDITA, COD_USUARI, 
    IND_ESTADO, COD_NUEVO)
 Values
   ('05101', 'VALPARAISO', '051', STR_TO_DATE('09/13/2002 14:25:23', '%m/%d/%Y %H:%i:%s'), 'ADMIN', 
    'V', NULL);
Insert into ADMIN.GG_TCOMUNA
   (COD_COMUNA, NOM_COMUNA, COD_PROVIN, FEC_AUDITA, COD_USUARI, 
    IND_ESTADO, COD_NUEVO)
 Values
   ('05102', 'CASABLANCA', '051', STR_TO_DATE('09/13/2002 14:25:23', '%m/%d/%Y %H:%i:%s'), 'ADMIN', 
    'V', NULL);
Insert into ADMIN.GG_TCOMUNA
   (COD_COMUNA, NOM_COMUNA, COD_PROVIN, FEC_AUDITA, COD_USUARI, 
    IND_ESTADO, COD_NUEVO)
 Values
   ('05103', 'CON-CON', '051', STR_TO_DATE('09/13/2002 14:25:23', '%m/%d/%Y %H:%i:%s'), 'ADMIN', 
    'V', NULL);
Insert into ADMIN.GG_TCOMUNA
   (COD_COMUNA, NOM_COMUNA, COD_PROVIN, FEC_AUDITA, COD_USUARI, 
    IND_ESTADO, COD_NUEVO)
 Values
   ('05104', 'JUAN FERNANDEZ', '051', STR_TO_DATE('09/13/2002 14:25:23', '%m/%d/%Y %H:%i:%s'), 'ADMIN', 
    'V', NULL);
Insert into ADMIN.GG_TCOMUNA
   (COD_COMUNA, NOM_COMUNA, COD_PROVIN, FEC_AUDITA, COD_USUARI, 
    IND_ESTADO, COD_NUEVO)
 Values
   ('05105', 'PUCHUNCAVI', '051', STR_TO_DATE('09/13/2002 14:25:23', '%m/%d/%Y %H:%i:%s'), 'ADMIN', 
    'V', NULL);
Insert into ADMIN.GG_TCOMUNA
   (COD_COMUNA, NOM_COMUNA, COD_PROVIN, FEC_AUDITA, COD_USUARI, 
    IND_ESTADO, COD_NUEVO)
 Values
   ('05106', 'QUILPUE', '051', STR_TO_DATE('09/13/2002 14:25:23', '%m/%d/%Y %H:%i:%s'), 'ADMIN', 
    'V', NULL);
Insert into ADMIN.GG_TCOMUNA
   (COD_COMUNA, NOM_COMUNA, COD_PROVIN, FEC_AUDITA, COD_USUARI, 
    IND_ESTADO, COD_NUEVO)
 Values
   ('05107', 'QUINTERO', '051', STR_TO_DATE('09/13/2002 14:25:23', '%m/%d/%Y %H:%i:%s'), 'ADMIN', 
    'V', NULL);
Insert into ADMIN.GG_TCOMUNA
   (COD_COMUNA, NOM_COMUNA, COD_PROVIN, FEC_AUDITA, COD_USUARI, 
    IND_ESTADO, COD_NUEVO)
 Values
   ('05108', 'VILLA ALEMANA', '051', STR_TO_DATE('09/13/2002 14:25:23', '%m/%d/%Y %H:%i:%s'), 'ADMIN', 
    'V', NULL);
Insert into ADMIN.GG_TCOMUNA
   (COD_COMUNA, NOM_COMUNA, COD_PROVIN, FEC_AUDITA, COD_USUARI, 
    IND_ESTADO, COD_NUEVO)
 Values
   ('05109', 'VIÑA DEL MAR', '051', STR_TO_DATE('09/13/2002 14:25:23', '%m/%d/%Y %H:%i:%s'), 'ADMIN', 
    'V', NULL);
Insert into ADMIN.GG_TCOMUNA
   (COD_COMUNA, NOM_COMUNA, COD_PROVIN, FEC_AUDITA, COD_USUARI, 
    IND_ESTADO, COD_NUEVO)
 Values
   ('05201', 'ISLA DE PASCUA', '052', STR_TO_DATE('09/13/2002 14:25:23', '%m/%d/%Y %H:%i:%s'), 'ADMIN', 
    'V', NULL);
Insert into ADMIN.GG_TCOMUNA
   (COD_COMUNA, NOM_COMUNA, COD_PROVIN, FEC_AUDITA, COD_USUARI, 
    IND_ESTADO, COD_NUEVO)
 Values
   ('05301', 'LOS ANDES', '053', STR_TO_DATE('09/13/2002 14:25:23', '%m/%d/%Y %H:%i:%s'), 'ADMIN', 
    'V', NULL);
Insert into ADMIN.GG_TCOMUNA
   (COD_COMUNA, NOM_COMUNA, COD_PROVIN, FEC_AUDITA, COD_USUARI, 
    IND_ESTADO, COD_NUEVO)
 Values
   ('05302', 'CALLE LARGA', '053', STR_TO_DATE('09/13/2002 14:25:23', '%m/%d/%Y %H:%i:%s'), 'ADMIN', 
    'V', NULL);
Insert into ADMIN.GG_TCOMUNA
   (COD_COMUNA, NOM_COMUNA, COD_PROVIN, FEC_AUDITA, COD_USUARI, 
    IND_ESTADO, COD_NUEVO)
 Values
   ('05303', 'RINCONADA', '053', STR_TO_DATE('09/13/2002 14:25:23', '%m/%d/%Y %H:%i:%s'), 'ADMIN', 
    'V', NULL);
Insert into ADMIN.GG_TCOMUNA
   (COD_COMUNA, NOM_COMUNA, COD_PROVIN, FEC_AUDITA, COD_USUARI, 
    IND_ESTADO, COD_NUEVO)
 Values
   ('05304', 'SAN ESTEBAN', '053', STR_TO_DATE('09/13/2002 14:25:23', '%m/%d/%Y %H:%i:%s'), 'ADMIN', 
    'V', NULL);
Insert into ADMIN.GG_TCOMUNA
   (COD_COMUNA, NOM_COMUNA, COD_PROVIN, FEC_AUDITA, COD_USUARI, 
    IND_ESTADO, COD_NUEVO)
 Values
   ('05401', 'LA LIGUA', '054', STR_TO_DATE('09/13/2002 14:25:23', '%m/%d/%Y %H:%i:%s'), 'ADMIN', 
    'V', NULL);
Insert into ADMIN.GG_TCOMUNA
   (COD_COMUNA, NOM_COMUNA, COD_PROVIN, FEC_AUDITA, COD_USUARI, 
    IND_ESTADO, COD_NUEVO)
 Values
   ('05402', 'CABILDO', '054', STR_TO_DATE('09/13/2002 14:25:23', '%m/%d/%Y %H:%i:%s'), 'ADMIN', 
    'V', NULL);
Insert into ADMIN.GG_TCOMUNA
   (COD_COMUNA, NOM_COMUNA, COD_PROVIN, FEC_AUDITA, COD_USUARI, 
    IND_ESTADO, COD_NUEVO)
 Values
   ('05403', 'PAPUDO', '054', STR_TO_DATE('09/13/2002 14:25:23', '%m/%d/%Y %H:%i:%s'), 'ADMIN', 
    'V', NULL);
Insert into ADMIN.GG_TCOMUNA
   (COD_COMUNA, NOM_COMUNA, COD_PROVIN, FEC_AUDITA, COD_USUARI, 
    IND_ESTADO, COD_NUEVO)
 Values
   ('05404', 'PETORCA', '054', STR_TO_DATE('09/13/2002 14:25:23', '%m/%d/%Y %H:%i:%s'), 'ADMIN', 
    'V', NULL);
Insert into ADMIN.GG_TCOMUNA
   (COD_COMUNA, NOM_COMUNA, COD_PROVIN, FEC_AUDITA, COD_USUARI, 
    IND_ESTADO, COD_NUEVO)
 Values
   ('05405', 'ZAPALLAR', '054', STR_TO_DATE('09/13/2002 14:25:23', '%m/%d/%Y %H:%i:%s'), 'ADMIN', 
    'V', NULL);
Insert into ADMIN.GG_TCOMUNA
   (COD_COMUNA, NOM_COMUNA, COD_PROVIN, FEC_AUDITA, COD_USUARI, 
    IND_ESTADO, COD_NUEVO)
 Values
   ('05501', 'QUILLOTA', '055', STR_TO_DATE('09/13/2002 14:25:23', '%m/%d/%Y %H:%i:%s'), 'ADMIN', 
    'V', NULL);
Insert into ADMIN.GG_TCOMUNA
   (COD_COMUNA, NOM_COMUNA, COD_PROVIN, FEC_AUDITA, COD_USUARI, 
    IND_ESTADO, COD_NUEVO)
 Values
   ('05502', 'CALERA', '055', STR_TO_DATE('09/13/2002 14:25:23', '%m/%d/%Y %H:%i:%s'), 'ADMIN', 
    'V', NULL);
Insert into ADMIN.GG_TCOMUNA
   (COD_COMUNA, NOM_COMUNA, COD_PROVIN, FEC_AUDITA, COD_USUARI, 
    IND_ESTADO, COD_NUEVO)
 Values
   ('05503', 'HIJUELAS', '055', STR_TO_DATE('09/13/2002 14:25:23', '%m/%d/%Y %H:%i:%s'), 'ADMIN', 
    'V', NULL);
Insert into ADMIN.GG_TCOMUNA
   (COD_COMUNA, NOM_COMUNA, COD_PROVIN, FEC_AUDITA, COD_USUARI, 
    IND_ESTADO, COD_NUEVO)
 Values
   ('05504', 'LA CRUZ', '055', STR_TO_DATE('09/13/2002 14:25:23', '%m/%d/%Y %H:%i:%s'), 'ADMIN', 
    'V', NULL);
Insert into ADMIN.GG_TCOMUNA
   (COD_COMUNA, NOM_COMUNA, COD_PROVIN, FEC_AUDITA, COD_USUARI, 
    IND_ESTADO, COD_NUEVO)
 Values
   ('05505', 'LIMACHE', '055', STR_TO_DATE('09/13/2002 14:25:23', '%m/%d/%Y %H:%i:%s'), 'ADMIN', 
    'V', NULL);
Insert into ADMIN.GG_TCOMUNA
   (COD_COMUNA, NOM_COMUNA, COD_PROVIN, FEC_AUDITA, COD_USUARI, 
    IND_ESTADO, COD_NUEVO)
 Values
   ('05506', 'NOGALES', '055', STR_TO_DATE('09/13/2002 14:25:23', '%m/%d/%Y %H:%i:%s'), 'ADMIN', 
    'V', NULL);
Insert into ADMIN.GG_TCOMUNA
   (COD_COMUNA, NOM_COMUNA, COD_PROVIN, FEC_AUDITA, COD_USUARI, 
    IND_ESTADO, COD_NUEVO)
 Values
   ('05507', 'OLMUE', '055', STR_TO_DATE('09/13/2002 14:25:23', '%m/%d/%Y %H:%i:%s'), 'ADMIN', 
    'V', NULL);
Insert into ADMIN.GG_TCOMUNA
   (COD_COMUNA, NOM_COMUNA, COD_PROVIN, FEC_AUDITA, COD_USUARI, 
    IND_ESTADO, COD_NUEVO)
 Values
   ('05601', 'SAN ANTONIO', '056', STR_TO_DATE('09/13/2002 14:25:23', '%m/%d/%Y %H:%i:%s'), 'ADMIN', 
    'V', NULL);
Insert into ADMIN.GG_TCOMUNA
   (COD_COMUNA, NOM_COMUNA, COD_PROVIN, FEC_AUDITA, COD_USUARI, 
    IND_ESTADO, COD_NUEVO)
 Values
   ('05602', 'ALGARROBO', '056', STR_TO_DATE('09/13/2002 14:25:23', '%m/%d/%Y %H:%i:%s'), 'ADMIN', 
    'V', NULL);
Insert into ADMIN.GG_TCOMUNA
   (COD_COMUNA, NOM_COMUNA, COD_PROVIN, FEC_AUDITA, COD_USUARI, 
    IND_ESTADO, COD_NUEVO)
 Values
   ('05603', 'CARTAGENA', '056', STR_TO_DATE('09/13/2002 14:25:23', '%m/%d/%Y %H:%i:%s'), 'ADMIN', 
    'V', NULL);
Insert into ADMIN.GG_TCOMUNA
   (COD_COMUNA, NOM_COMUNA, COD_PROVIN, FEC_AUDITA, COD_USUARI, 
    IND_ESTADO, COD_NUEVO)
 Values
   ('05604', 'EL QUISCO', '056', STR_TO_DATE('09/13/2002 14:25:23', '%m/%d/%Y %H:%i:%s'), 'ADMIN', 
    'V', NULL);
Insert into ADMIN.GG_TCOMUNA
   (COD_COMUNA, NOM_COMUNA, COD_PROVIN, FEC_AUDITA, COD_USUARI, 
    IND_ESTADO, COD_NUEVO)
 Values
   ('05605', 'EL TABO', '056', STR_TO_DATE('09/13/2002 14:25:23', '%m/%d/%Y %H:%i:%s'), 'ADMIN', 
    'V', NULL);
Insert into ADMIN.GG_TCOMUNA
   (COD_COMUNA, NOM_COMUNA, COD_PROVIN, FEC_AUDITA, COD_USUARI, 
    IND_ESTADO, COD_NUEVO)
 Values
   ('05606', 'SANTO DOMINGO', '056', STR_TO_DATE('09/13/2002 14:25:23', '%m/%d/%Y %H:%i:%s'), 'ADMIN', 
    'V', NULL);
Insert into ADMIN.GG_TCOMUNA
   (COD_COMUNA, NOM_COMUNA, COD_PROVIN, FEC_AUDITA, COD_USUARI, 
    IND_ESTADO, COD_NUEVO)
 Values
   ('05701', 'SAN FELIPE', '057', STR_TO_DATE('09/13/2002 14:25:23', '%m/%d/%Y %H:%i:%s'), 'ADMIN', 
    'V', NULL);
Insert into ADMIN.GG_TCOMUNA
   (COD_COMUNA, NOM_COMUNA, COD_PROVIN, FEC_AUDITA, COD_USUARI, 
    IND_ESTADO, COD_NUEVO)
 Values
   ('05702', 'CATEMU', '057', STR_TO_DATE('09/13/2002 14:25:23', '%m/%d/%Y %H:%i:%s'), 'ADMIN', 
    'V', NULL);
Insert into ADMIN.GG_TCOMUNA
   (COD_COMUNA, NOM_COMUNA, COD_PROVIN, FEC_AUDITA, COD_USUARI, 
    IND_ESTADO, COD_NUEVO)
 Values
   ('05703', 'LLAILLAY', '057', STR_TO_DATE('09/13/2002 14:25:23', '%m/%d/%Y %H:%i:%s'), 'ADMIN', 
    'V', NULL);
Insert into ADMIN.GG_TCOMUNA
   (COD_COMUNA, NOM_COMUNA, COD_PROVIN, FEC_AUDITA, COD_USUARI, 
    IND_ESTADO, COD_NUEVO)
 Values
   ('05704', 'PANQUEHUE', '057', STR_TO_DATE('09/13/2002 14:25:23', '%m/%d/%Y %H:%i:%s'), 'ADMIN', 
    'V', NULL);
Insert into ADMIN.GG_TCOMUNA
   (COD_COMUNA, NOM_COMUNA, COD_PROVIN, FEC_AUDITA, COD_USUARI, 
    IND_ESTADO, COD_NUEVO)
 Values
   ('05705', 'PUTAENDO', '057', STR_TO_DATE('09/13/2002 14:25:23', '%m/%d/%Y %H:%i:%s'), 'ADMIN', 
    'V', NULL);
Insert into ADMIN.GG_TCOMUNA
   (COD_COMUNA, NOM_COMUNA, COD_PROVIN, FEC_AUDITA, COD_USUARI, 
    IND_ESTADO, COD_NUEVO)
 Values
   ('05706', 'SANTA MARIA', '057', STR_TO_DATE('09/13/2002 14:25:23', '%m/%d/%Y %H:%i:%s'), 'ADMIN', 
    'V', NULL);
Insert into ADMIN.GG_TCOMUNA
   (COD_COMUNA, NOM_COMUNA, COD_PROVIN, FEC_AUDITA, COD_USUARI, 
    IND_ESTADO, COD_NUEVO)
 Values
   ('06101', 'RANCAGUA', '061', STR_TO_DATE('09/13/2002 14:25:23', '%m/%d/%Y %H:%i:%s'), 'ADMIN', 
    'V', NULL);
Insert into ADMIN.GG_TCOMUNA
   (COD_COMUNA, NOM_COMUNA, COD_PROVIN, FEC_AUDITA, COD_USUARI, 
    IND_ESTADO, COD_NUEVO)
 Values
   ('06102', 'CODEGUA', '061', STR_TO_DATE('09/13/2002 14:25:23', '%m/%d/%Y %H:%i:%s'), 'ADMIN', 
    'V', NULL);
Insert into ADMIN.GG_TCOMUNA
   (COD_COMUNA, NOM_COMUNA, COD_PROVIN, FEC_AUDITA, COD_USUARI, 
    IND_ESTADO, COD_NUEVO)
 Values
   ('06103', 'COINCO', '061', STR_TO_DATE('09/13/2002 14:25:23', '%m/%d/%Y %H:%i:%s'), 'ADMIN', 
    'V', NULL);
Insert into ADMIN.GG_TCOMUNA
   (COD_COMUNA, NOM_COMUNA, COD_PROVIN, FEC_AUDITA, COD_USUARI, 
    IND_ESTADO, COD_NUEVO)
 Values
   ('06104', 'COLTAUCO', '061', STR_TO_DATE('09/13/2002 14:25:23', '%m/%d/%Y %H:%i:%s'), 'ADMIN', 
    'V', NULL);
Insert into ADMIN.GG_TCOMUNA
   (COD_COMUNA, NOM_COMUNA, COD_PROVIN, FEC_AUDITA, COD_USUARI, 
    IND_ESTADO, COD_NUEVO)
 Values
   ('06105', 'DOÑIHUE', '061', STR_TO_DATE('09/13/2002 14:25:23', '%m/%d/%Y %H:%i:%s'), 'ADMIN', 
    'V', NULL);
Insert into ADMIN.GG_TCOMUNA
   (COD_COMUNA, NOM_COMUNA, COD_PROVIN, FEC_AUDITA, COD_USUARI, 
    IND_ESTADO, COD_NUEVO)
 Values
   ('06106', 'GRANEROS', '061', STR_TO_DATE('09/13/2002 14:25:23', '%m/%d/%Y %H:%i:%s'), 'ADMIN', 
    'V', NULL);
Insert into ADMIN.GG_TCOMUNA
   (COD_COMUNA, NOM_COMUNA, COD_PROVIN, FEC_AUDITA, COD_USUARI, 
    IND_ESTADO, COD_NUEVO)
 Values
   ('06107', 'LAS CABRAS', '061', STR_TO_DATE('09/13/2002 14:25:23', '%m/%d/%Y %H:%i:%s'), 'ADMIN', 
    'V', NULL);
Insert into ADMIN.GG_TCOMUNA
   (COD_COMUNA, NOM_COMUNA, COD_PROVIN, FEC_AUDITA, COD_USUARI, 
    IND_ESTADO, COD_NUEVO)
 Values
   ('06108', 'MACHALI', '061', STR_TO_DATE('09/13/2002 14:25:23', '%m/%d/%Y %H:%i:%s'), 'ADMIN', 
    'V', NULL);
Insert into ADMIN.GG_TCOMUNA
   (COD_COMUNA, NOM_COMUNA, COD_PROVIN, FEC_AUDITA, COD_USUARI, 
    IND_ESTADO, COD_NUEVO)
 Values
   ('06109', 'MALLOA', '061', STR_TO_DATE('09/13/2002 14:25:23', '%m/%d/%Y %H:%i:%s'), 'ADMIN', 
    'V', NULL);
Insert into ADMIN.GG_TCOMUNA
   (COD_COMUNA, NOM_COMUNA, COD_PROVIN, FEC_AUDITA, COD_USUARI, 
    IND_ESTADO, COD_NUEVO)
 Values
   ('06110', 'MOSTAZAL', '061', STR_TO_DATE('09/13/2002 14:25:23', '%m/%d/%Y %H:%i:%s'), 'ADMIN', 
    'V', NULL);
Insert into ADMIN.GG_TCOMUNA
   (COD_COMUNA, NOM_COMUNA, COD_PROVIN, FEC_AUDITA, COD_USUARI, 
    IND_ESTADO, COD_NUEVO)
 Values
   ('06111', 'OLIVAR', '061', STR_TO_DATE('09/13/2002 14:25:23', '%m/%d/%Y %H:%i:%s'), 'ADMIN', 
    'V', NULL);
Insert into ADMIN.GG_TCOMUNA
   (COD_COMUNA, NOM_COMUNA, COD_PROVIN, FEC_AUDITA, COD_USUARI, 
    IND_ESTADO, COD_NUEVO)
 Values
   ('06112', 'PEUMO', '061', STR_TO_DATE('09/13/2002 14:25:23', '%m/%d/%Y %H:%i:%s'), 'ADMIN', 
    'V', NULL);
Insert into ADMIN.GG_TCOMUNA
   (COD_COMUNA, NOM_COMUNA, COD_PROVIN, FEC_AUDITA, COD_USUARI, 
    IND_ESTADO, COD_NUEVO)
 Values
   ('06113', 'PICHIDEGUA', '061', STR_TO_DATE('09/13/2002 14:25:23', '%m/%d/%Y %H:%i:%s'), 'ADMIN', 
    'V', NULL);
Insert into ADMIN.GG_TCOMUNA
   (COD_COMUNA, NOM_COMUNA, COD_PROVIN, FEC_AUDITA, COD_USUARI, 
    IND_ESTADO, COD_NUEVO)
 Values
   ('06114', 'QUINTA DE TILCOCO', '061', STR_TO_DATE('09/13/2002 14:25:23', '%m/%d/%Y %H:%i:%s'), 'ADMIN', 
    'V', NULL);
Insert into ADMIN.GG_TCOMUNA
   (COD_COMUNA, NOM_COMUNA, COD_PROVIN, FEC_AUDITA, COD_USUARI, 
    IND_ESTADO, COD_NUEVO)
 Values
   ('06115', 'RENGO', '061', STR_TO_DATE('09/13/2002 14:25:23', '%m/%d/%Y %H:%i:%s'), 'ADMIN', 
    'V', NULL);
Insert into ADMIN.GG_TCOMUNA
   (COD_COMUNA, NOM_COMUNA, COD_PROVIN, FEC_AUDITA, COD_USUARI, 
    IND_ESTADO, COD_NUEVO)
 Values
   ('06116', 'REQUINOA', '061', STR_TO_DATE('09/13/2002 14:25:23', '%m/%d/%Y %H:%i:%s'), 'ADMIN', 
    'V', NULL);
Insert into ADMIN.GG_TCOMUNA
   (COD_COMUNA, NOM_COMUNA, COD_PROVIN, FEC_AUDITA, COD_USUARI, 
    IND_ESTADO, COD_NUEVO)
 Values
   ('06117', 'SAN VICENTE', '061', STR_TO_DATE('09/13/2002 14:25:23', '%m/%d/%Y %H:%i:%s'), 'ADMIN', 
    'V', NULL);
Insert into ADMIN.GG_TCOMUNA
   (COD_COMUNA, NOM_COMUNA, COD_PROVIN, FEC_AUDITA, COD_USUARI, 
    IND_ESTADO, COD_NUEVO)
 Values
   ('06201', 'PICHILEMU', '062', STR_TO_DATE('09/13/2002 14:25:23', '%m/%d/%Y %H:%i:%s'), 'ADMIN', 
    'V', NULL);
Insert into ADMIN.GG_TCOMUNA
   (COD_COMUNA, NOM_COMUNA, COD_PROVIN, FEC_AUDITA, COD_USUARI, 
    IND_ESTADO, COD_NUEVO)
 Values
   ('06202', 'LA ESTRELLA', '062', STR_TO_DATE('09/13/2002 14:25:23', '%m/%d/%Y %H:%i:%s'), 'ADMIN', 
    'V', NULL);
Insert into ADMIN.GG_TCOMUNA
   (COD_COMUNA, NOM_COMUNA, COD_PROVIN, FEC_AUDITA, COD_USUARI, 
    IND_ESTADO, COD_NUEVO)
 Values
   ('06203', 'LITUECHE', '062', STR_TO_DATE('09/13/2002 14:25:23', '%m/%d/%Y %H:%i:%s'), 'ADMIN', 
    'V', NULL);
Insert into ADMIN.GG_TCOMUNA
   (COD_COMUNA, NOM_COMUNA, COD_PROVIN, FEC_AUDITA, COD_USUARI, 
    IND_ESTADO, COD_NUEVO)
 Values
   ('06204', 'MARCHIGUE', '062', STR_TO_DATE('09/13/2002 14:25:23', '%m/%d/%Y %H:%i:%s'), 'ADMIN', 
    'V', NULL);
Insert into ADMIN.GG_TCOMUNA
   (COD_COMUNA, NOM_COMUNA, COD_PROVIN, FEC_AUDITA, COD_USUARI, 
    IND_ESTADO, COD_NUEVO)
 Values
   ('06205', 'NAVIDAD', '062', STR_TO_DATE('09/13/2002 14:25:23', '%m/%d/%Y %H:%i:%s'), 'ADMIN', 
    'V', NULL);
Insert into ADMIN.GG_TCOMUNA
   (COD_COMUNA, NOM_COMUNA, COD_PROVIN, FEC_AUDITA, COD_USUARI, 
    IND_ESTADO, COD_NUEVO)
 Values
   ('06206', 'PAREDONES', '062', STR_TO_DATE('09/13/2002 14:25:23', '%m/%d/%Y %H:%i:%s'), 'ADMIN', 
    'V', NULL);
Insert into ADMIN.GG_TCOMUNA
   (COD_COMUNA, NOM_COMUNA, COD_PROVIN, FEC_AUDITA, COD_USUARI, 
    IND_ESTADO, COD_NUEVO)
 Values
   ('06301', 'SAN FERNANDO', '063', STR_TO_DATE('09/13/2002 14:25:23', '%m/%d/%Y %H:%i:%s'), 'ADMIN', 
    'V', NULL);
Insert into ADMIN.GG_TCOMUNA
   (COD_COMUNA, NOM_COMUNA, COD_PROVIN, FEC_AUDITA, COD_USUARI, 
    IND_ESTADO, COD_NUEVO)
 Values
   ('06302', 'CHEPICA', '063', STR_TO_DATE('09/13/2002 14:25:23', '%m/%d/%Y %H:%i:%s'), 'ADMIN', 
    'V', NULL);
Insert into ADMIN.GG_TCOMUNA
   (COD_COMUNA, NOM_COMUNA, COD_PROVIN, FEC_AUDITA, COD_USUARI, 
    IND_ESTADO, COD_NUEVO)
 Values
   ('06303', 'CHIMBARONGO', '063', STR_TO_DATE('09/13/2002 14:25:23', '%m/%d/%Y %H:%i:%s'), 'ADMIN', 
    'V', NULL);
Insert into ADMIN.GG_TCOMUNA
   (COD_COMUNA, NOM_COMUNA, COD_PROVIN, FEC_AUDITA, COD_USUARI, 
    IND_ESTADO, COD_NUEVO)
 Values
   ('06304', 'LOLOL', '063', STR_TO_DATE('09/13/2002 14:25:23', '%m/%d/%Y %H:%i:%s'), 'ADMIN', 
    'V', NULL);
Insert into ADMIN.GG_TCOMUNA
   (COD_COMUNA, NOM_COMUNA, COD_PROVIN, FEC_AUDITA, COD_USUARI, 
    IND_ESTADO, COD_NUEVO)
 Values
   ('06305', 'NANCAGUA', '063', STR_TO_DATE('09/13/2002 14:25:23', '%m/%d/%Y %H:%i:%s'), 'ADMIN', 
    'V', NULL);
Insert into ADMIN.GG_TCOMUNA
   (COD_COMUNA, NOM_COMUNA, COD_PROVIN, FEC_AUDITA, COD_USUARI, 
    IND_ESTADO, COD_NUEVO)
 Values
   ('06306', 'PALMILLA', '063', STR_TO_DATE('09/13/2002 14:25:23', '%m/%d/%Y %H:%i:%s'), 'ADMIN', 
    'V', NULL);
Insert into ADMIN.GG_TCOMUNA
   (COD_COMUNA, NOM_COMUNA, COD_PROVIN, FEC_AUDITA, COD_USUARI, 
    IND_ESTADO, COD_NUEVO)
 Values
   ('06307', 'PERALILLO', '063', STR_TO_DATE('09/13/2002 14:25:23', '%m/%d/%Y %H:%i:%s'), 'ADMIN', 
    'V', NULL);
Insert into ADMIN.GG_TCOMUNA
   (COD_COMUNA, NOM_COMUNA, COD_PROVIN, FEC_AUDITA, COD_USUARI, 
    IND_ESTADO, COD_NUEVO)
 Values
   ('06308', 'PLACILLA', '063', STR_TO_DATE('09/13/2002 14:25:23', '%m/%d/%Y %H:%i:%s'), 'ADMIN', 
    'V', NULL);
Insert into ADMIN.GG_TCOMUNA
   (COD_COMUNA, NOM_COMUNA, COD_PROVIN, FEC_AUDITA, COD_USUARI, 
    IND_ESTADO, COD_NUEVO)
 Values
   ('06309', 'PUMANQUE', '063', STR_TO_DATE('09/13/2002 14:25:23', '%m/%d/%Y %H:%i:%s'), 'ADMIN', 
    'V', NULL);
Insert into ADMIN.GG_TCOMUNA
   (COD_COMUNA, NOM_COMUNA, COD_PROVIN, FEC_AUDITA, COD_USUARI, 
    IND_ESTADO, COD_NUEVO)
 Values
   ('06310', 'SANTA CRUZ', '063', STR_TO_DATE('09/13/2002 14:25:23', '%m/%d/%Y %H:%i:%s'), 'ADMIN', 
    'V', NULL);
Insert into ADMIN.GG_TCOMUNA
   (COD_COMUNA, NOM_COMUNA, COD_PROVIN, FEC_AUDITA, COD_USUARI, 
    IND_ESTADO, COD_NUEVO)
 Values
   ('07101', 'TALCA', '071', STR_TO_DATE('09/13/2002 14:25:23', '%m/%d/%Y %H:%i:%s'), 'ADMIN', 
    'V', NULL);
Insert into ADMIN.GG_TCOMUNA
   (COD_COMUNA, NOM_COMUNA, COD_PROVIN, FEC_AUDITA, COD_USUARI, 
    IND_ESTADO, COD_NUEVO)
 Values
   ('07102', 'CONSTITUCION', '071', STR_TO_DATE('09/13/2002 14:25:23', '%m/%d/%Y %H:%i:%s'), 'ADMIN', 
    'V', NULL);
Insert into ADMIN.GG_TCOMUNA
   (COD_COMUNA, NOM_COMUNA, COD_PROVIN, FEC_AUDITA, COD_USUARI, 
    IND_ESTADO, COD_NUEVO)
 Values
   ('07103', 'CUREPTO', '071', STR_TO_DATE('09/13/2002 14:25:23', '%m/%d/%Y %H:%i:%s'), 'ADMIN', 
    'V', NULL);
Insert into ADMIN.GG_TCOMUNA
   (COD_COMUNA, NOM_COMUNA, COD_PROVIN, FEC_AUDITA, COD_USUARI, 
    IND_ESTADO, COD_NUEVO)
 Values
   ('07104', 'EMPEDRADO', '071', STR_TO_DATE('09/13/2002 14:25:23', '%m/%d/%Y %H:%i:%s'), 'ADMIN', 
    'V', NULL);
Insert into ADMIN.GG_TCOMUNA
   (COD_COMUNA, NOM_COMUNA, COD_PROVIN, FEC_AUDITA, COD_USUARI, 
    IND_ESTADO, COD_NUEVO)
 Values
   ('07105', 'MAULE', '071', STR_TO_DATE('09/13/2002 14:25:23', '%m/%d/%Y %H:%i:%s'), 'ADMIN', 
    'V', NULL);
Insert into ADMIN.GG_TCOMUNA
   (COD_COMUNA, NOM_COMUNA, COD_PROVIN, FEC_AUDITA, COD_USUARI, 
    IND_ESTADO, COD_NUEVO)
 Values
   ('07106', 'PELARCO', '071', STR_TO_DATE('09/13/2002 14:25:23', '%m/%d/%Y %H:%i:%s'), 'ADMIN', 
    'V', NULL);
Insert into ADMIN.GG_TCOMUNA
   (COD_COMUNA, NOM_COMUNA, COD_PROVIN, FEC_AUDITA, COD_USUARI, 
    IND_ESTADO, COD_NUEVO)
 Values
   ('07107', 'PENCAHUE', '071', STR_TO_DATE('09/13/2002 14:25:23', '%m/%d/%Y %H:%i:%s'), 'ADMIN', 
    'V', NULL);
Insert into ADMIN.GG_TCOMUNA
   (COD_COMUNA, NOM_COMUNA, COD_PROVIN, FEC_AUDITA, COD_USUARI, 
    IND_ESTADO, COD_NUEVO)
 Values
   ('07108', 'RIO CLARO', '071', STR_TO_DATE('09/13/2002 14:25:23', '%m/%d/%Y %H:%i:%s'), 'ADMIN', 
    'V', NULL);
Insert into ADMIN.GG_TCOMUNA
   (COD_COMUNA, NOM_COMUNA, COD_PROVIN, FEC_AUDITA, COD_USUARI, 
    IND_ESTADO, COD_NUEVO)
 Values
   ('07109', 'SAN CLEMENTE', '071', STR_TO_DATE('09/13/2002 14:25:23', '%m/%d/%Y %H:%i:%s'), 'ADMIN', 
    'V', NULL);
Insert into ADMIN.GG_TCOMUNA
   (COD_COMUNA, NOM_COMUNA, COD_PROVIN, FEC_AUDITA, COD_USUARI, 
    IND_ESTADO, COD_NUEVO)
 Values
   ('07110', 'SAN RAFAEL', '071', STR_TO_DATE('09/13/2002 14:25:23', '%m/%d/%Y %H:%i:%s'), 'ADMIN', 
    'V', NULL);
Insert into ADMIN.GG_TCOMUNA
   (COD_COMUNA, NOM_COMUNA, COD_PROVIN, FEC_AUDITA, COD_USUARI, 
    IND_ESTADO, COD_NUEVO)
 Values
   ('07201', 'CAUQUENES', '072', STR_TO_DATE('09/13/2002 14:25:23', '%m/%d/%Y %H:%i:%s'), 'ADMIN', 
    'V', NULL);
Insert into ADMIN.GG_TCOMUNA
   (COD_COMUNA, NOM_COMUNA, COD_PROVIN, FEC_AUDITA, COD_USUARI, 
    IND_ESTADO, COD_NUEVO)
 Values
   ('07202', 'CHANCO', '072', STR_TO_DATE('09/13/2002 14:25:23', '%m/%d/%Y %H:%i:%s'), 'ADMIN', 
    'V', NULL);
Insert into ADMIN.GG_TCOMUNA
   (COD_COMUNA, NOM_COMUNA, COD_PROVIN, FEC_AUDITA, COD_USUARI, 
    IND_ESTADO, COD_NUEVO)
 Values
   ('07203', 'PELLUHUE', '072', STR_TO_DATE('09/13/2002 14:25:23', '%m/%d/%Y %H:%i:%s'), 'ADMIN', 
    'V', NULL);
Insert into ADMIN.GG_TCOMUNA
   (COD_COMUNA, NOM_COMUNA, COD_PROVIN, FEC_AUDITA, COD_USUARI, 
    IND_ESTADO, COD_NUEVO)
 Values
   ('07301', 'CURICO', '073', STR_TO_DATE('09/13/2002 14:25:23', '%m/%d/%Y %H:%i:%s'), 'ADMIN', 
    'V', NULL);
Insert into ADMIN.GG_TCOMUNA
   (COD_COMUNA, NOM_COMUNA, COD_PROVIN, FEC_AUDITA, COD_USUARI, 
    IND_ESTADO, COD_NUEVO)
 Values
   ('07302', 'HUALAÑE', '073', STR_TO_DATE('09/13/2002 14:25:23', '%m/%d/%Y %H:%i:%s'), 'ADMIN', 
    'V', NULL);
Insert into ADMIN.GG_TCOMUNA
   (COD_COMUNA, NOM_COMUNA, COD_PROVIN, FEC_AUDITA, COD_USUARI, 
    IND_ESTADO, COD_NUEVO)
 Values
   ('07303', 'LICANTEN', '073', STR_TO_DATE('09/13/2002 14:25:23', '%m/%d/%Y %H:%i:%s'), 'ADMIN', 
    'V', NULL);
Insert into ADMIN.GG_TCOMUNA
   (COD_COMUNA, NOM_COMUNA, COD_PROVIN, FEC_AUDITA, COD_USUARI, 
    IND_ESTADO, COD_NUEVO)
 Values
   ('07304', 'MOLINA', '073', STR_TO_DATE('09/13/2002 14:25:23', '%m/%d/%Y %H:%i:%s'), 'ADMIN', 
    'V', NULL);
Insert into ADMIN.GG_TCOMUNA
   (COD_COMUNA, NOM_COMUNA, COD_PROVIN, FEC_AUDITA, COD_USUARI, 
    IND_ESTADO, COD_NUEVO)
 Values
   ('07305', 'RAUCO', '073', STR_TO_DATE('09/13/2002 14:25:23', '%m/%d/%Y %H:%i:%s'), 'ADMIN', 
    'V', NULL);
Insert into ADMIN.GG_TCOMUNA
   (COD_COMUNA, NOM_COMUNA, COD_PROVIN, FEC_AUDITA, COD_USUARI, 
    IND_ESTADO, COD_NUEVO)
 Values
   ('07306', 'ROMERAL', '073', STR_TO_DATE('09/13/2002 14:25:23', '%m/%d/%Y %H:%i:%s'), 'ADMIN', 
    'V', NULL);
Insert into ADMIN.GG_TCOMUNA
   (COD_COMUNA, NOM_COMUNA, COD_PROVIN, FEC_AUDITA, COD_USUARI, 
    IND_ESTADO, COD_NUEVO)
 Values
   ('07307', 'SAGRADA FAMILIA', '073', STR_TO_DATE('09/13/2002 14:25:23', '%m/%d/%Y %H:%i:%s'), 'ADMIN', 
    'V', NULL);
Insert into ADMIN.GG_TCOMUNA
   (COD_COMUNA, NOM_COMUNA, COD_PROVIN, FEC_AUDITA, COD_USUARI, 
    IND_ESTADO, COD_NUEVO)
 Values
   ('07308', 'TENO', '073', STR_TO_DATE('09/13/2002 14:25:23', '%m/%d/%Y %H:%i:%s'), 'ADMIN', 
    'V', NULL);
Insert into ADMIN.GG_TCOMUNA
   (COD_COMUNA, NOM_COMUNA, COD_PROVIN, FEC_AUDITA, COD_USUARI, 
    IND_ESTADO, COD_NUEVO)
 Values
   ('07309', 'VICHUQUEN', '073', STR_TO_DATE('09/13/2002 14:25:23', '%m/%d/%Y %H:%i:%s'), 'ADMIN', 
    'V', NULL);
Insert into ADMIN.GG_TCOMUNA
   (COD_COMUNA, NOM_COMUNA, COD_PROVIN, FEC_AUDITA, COD_USUARI, 
    IND_ESTADO, COD_NUEVO)
 Values
   ('07401', 'LINARES', '074', STR_TO_DATE('09/13/2002 14:25:23', '%m/%d/%Y %H:%i:%s'), 'ADMIN', 
    'V', NULL);
Insert into ADMIN.GG_TCOMUNA
   (COD_COMUNA, NOM_COMUNA, COD_PROVIN, FEC_AUDITA, COD_USUARI, 
    IND_ESTADO, COD_NUEVO)
 Values
   ('07402', 'COLBUN', '074', STR_TO_DATE('09/13/2002 14:25:23', '%m/%d/%Y %H:%i:%s'), 'ADMIN', 
    'V', NULL);
Insert into ADMIN.GG_TCOMUNA
   (COD_COMUNA, NOM_COMUNA, COD_PROVIN, FEC_AUDITA, COD_USUARI, 
    IND_ESTADO, COD_NUEVO)
 Values
   ('07403', 'LONGAVI', '074', STR_TO_DATE('09/13/2002 14:25:23', '%m/%d/%Y %H:%i:%s'), 'ADMIN', 
    'V', NULL);
Insert into ADMIN.GG_TCOMUNA
   (COD_COMUNA, NOM_COMUNA, COD_PROVIN, FEC_AUDITA, COD_USUARI, 
    IND_ESTADO, COD_NUEVO)
 Values
   ('07404', 'PARRAL', '074', STR_TO_DATE('09/13/2002 14:25:23', '%m/%d/%Y %H:%i:%s'), 'ADMIN', 
    'V', NULL);
Insert into ADMIN.GG_TCOMUNA
   (COD_COMUNA, NOM_COMUNA, COD_PROVIN, FEC_AUDITA, COD_USUARI, 
    IND_ESTADO, COD_NUEVO)
 Values
   ('07405', 'RETIRO', '074', STR_TO_DATE('09/13/2002 14:25:23', '%m/%d/%Y %H:%i:%s'), 'ADMIN', 
    'V', NULL);
Insert into ADMIN.GG_TCOMUNA
   (COD_COMUNA, NOM_COMUNA, COD_PROVIN, FEC_AUDITA, COD_USUARI, 
    IND_ESTADO, COD_NUEVO)
 Values
   ('07406', 'SAN JAVIER', '074', STR_TO_DATE('09/13/2002 14:25:23', '%m/%d/%Y %H:%i:%s'), 'ADMIN', 
    'V', NULL);
Insert into ADMIN.GG_TCOMUNA
   (COD_COMUNA, NOM_COMUNA, COD_PROVIN, FEC_AUDITA, COD_USUARI, 
    IND_ESTADO, COD_NUEVO)
 Values
   ('07407', 'VILLA ALEGRE', '074', STR_TO_DATE('09/13/2002 14:25:23', '%m/%d/%Y %H:%i:%s'), 'ADMIN', 
    'V', NULL);
Insert into ADMIN.GG_TCOMUNA
   (COD_COMUNA, NOM_COMUNA, COD_PROVIN, FEC_AUDITA, COD_USUARI, 
    IND_ESTADO, COD_NUEVO)
 Values
   ('07408', 'YERBAS BUENAS', '074', STR_TO_DATE('09/13/2002 14:25:23', '%m/%d/%Y %H:%i:%s'), 'ADMIN', 
    'V', NULL);
Insert into ADMIN.GG_TCOMUNA
   (COD_COMUNA, NOM_COMUNA, COD_PROVIN, FEC_AUDITA, COD_USUARI, 
    IND_ESTADO, COD_NUEVO)
 Values
   ('08101', 'CONCEPCION', '081', STR_TO_DATE('09/13/2002 14:25:23', '%m/%d/%Y %H:%i:%s'), 'ADMIN', 
    'V', NULL);
Insert into ADMIN.GG_TCOMUNA
   (COD_COMUNA, NOM_COMUNA, COD_PROVIN, FEC_AUDITA, COD_USUARI, 
    IND_ESTADO, COD_NUEVO)
 Values
   ('08102', 'CORONEL', '081', STR_TO_DATE('09/13/2002 14:25:23', '%m/%d/%Y %H:%i:%s'), 'ADMIN', 
    'V', NULL);
Insert into ADMIN.GG_TCOMUNA
   (COD_COMUNA, NOM_COMUNA, COD_PROVIN, FEC_AUDITA, COD_USUARI, 
    IND_ESTADO, COD_NUEVO)
 Values
   ('08103', 'CHIGUAYANTE', '081', STR_TO_DATE('09/13/2002 14:25:23', '%m/%d/%Y %H:%i:%s'), 'ADMIN', 
    'V', NULL);
Insert into ADMIN.GG_TCOMUNA
   (COD_COMUNA, NOM_COMUNA, COD_PROVIN, FEC_AUDITA, COD_USUARI, 
    IND_ESTADO, COD_NUEVO)
 Values
   ('08104', 'FLORIDA', '081', STR_TO_DATE('09/13/2002 14:25:23', '%m/%d/%Y %H:%i:%s'), 'ADMIN', 
    'V', NULL);
Insert into ADMIN.GG_TCOMUNA
   (COD_COMUNA, NOM_COMUNA, COD_PROVIN, FEC_AUDITA, COD_USUARI, 
    IND_ESTADO, COD_NUEVO)
 Values
   ('08105', 'HUALQUI', '081', STR_TO_DATE('09/13/2002 14:25:23', '%m/%d/%Y %H:%i:%s'), 'ADMIN', 
    'V', NULL);
Insert into ADMIN.GG_TCOMUNA
   (COD_COMUNA, NOM_COMUNA, COD_PROVIN, FEC_AUDITA, COD_USUARI, 
    IND_ESTADO, COD_NUEVO)
 Values
   ('08106', 'LOTA', '081', STR_TO_DATE('09/13/2002 14:25:23', '%m/%d/%Y %H:%i:%s'), 'ADMIN', 
    'V', NULL);
Insert into ADMIN.GG_TCOMUNA
   (COD_COMUNA, NOM_COMUNA, COD_PROVIN, FEC_AUDITA, COD_USUARI, 
    IND_ESTADO, COD_NUEVO)
 Values
   ('08107', 'PENCO', '081', STR_TO_DATE('09/13/2002 14:25:23', '%m/%d/%Y %H:%i:%s'), 'ADMIN', 
    'V', NULL);
Insert into ADMIN.GG_TCOMUNA
   (COD_COMUNA, NOM_COMUNA, COD_PROVIN, FEC_AUDITA, COD_USUARI, 
    IND_ESTADO, COD_NUEVO)
 Values
   ('08108', 'SAN PEDRO DE LA PAZ', '081', STR_TO_DATE('09/13/2002 14:25:23', '%m/%d/%Y %H:%i:%s'), 'ADMIN', 
    'V', NULL);
Insert into ADMIN.GG_TCOMUNA
   (COD_COMUNA, NOM_COMUNA, COD_PROVIN, FEC_AUDITA, COD_USUARI, 
    IND_ESTADO, COD_NUEVO)
 Values
   ('08109', 'SANTA JUANA', '081', STR_TO_DATE('09/13/2002 14:25:23', '%m/%d/%Y %H:%i:%s'), 'ADMIN', 
    'V', NULL);
Insert into ADMIN.GG_TCOMUNA
   (COD_COMUNA, NOM_COMUNA, COD_PROVIN, FEC_AUDITA, COD_USUARI, 
    IND_ESTADO, COD_NUEVO)
 Values
   ('08110', 'TALCAHUANO', '081', STR_TO_DATE('09/13/2002 14:25:23', '%m/%d/%Y %H:%i:%s'), 'ADMIN', 
    'V', NULL);
Insert into ADMIN.GG_TCOMUNA
   (COD_COMUNA, NOM_COMUNA, COD_PROVIN, FEC_AUDITA, COD_USUARI, 
    IND_ESTADO, COD_NUEVO)
 Values
   ('08111', 'TOME', '081', STR_TO_DATE('09/13/2002 14:25:23', '%m/%d/%Y %H:%i:%s'), 'ADMIN', 
    'V', NULL);
Insert into ADMIN.GG_TCOMUNA
   (COD_COMUNA, NOM_COMUNA, COD_PROVIN, FEC_AUDITA, COD_USUARI, 
    IND_ESTADO, COD_NUEVO)
 Values
   ('08201', 'LEBU', '082', STR_TO_DATE('09/13/2002 14:25:23', '%m/%d/%Y %H:%i:%s'), 'ADMIN', 
    'V', NULL);
Insert into ADMIN.GG_TCOMUNA
   (COD_COMUNA, NOM_COMUNA, COD_PROVIN, FEC_AUDITA, COD_USUARI, 
    IND_ESTADO, COD_NUEVO)
 Values
   ('08202', 'ARAUCO', '082', STR_TO_DATE('09/13/2002 14:25:23', '%m/%d/%Y %H:%i:%s'), 'ADMIN', 
    'V', NULL);
Insert into ADMIN.GG_TCOMUNA
   (COD_COMUNA, NOM_COMUNA, COD_PROVIN, FEC_AUDITA, COD_USUARI, 
    IND_ESTADO, COD_NUEVO)
 Values
   ('08203', 'CAÑETE', '082', STR_TO_DATE('09/13/2002 14:25:23', '%m/%d/%Y %H:%i:%s'), 'ADMIN', 
    'V', NULL);
Insert into ADMIN.GG_TCOMUNA
   (COD_COMUNA, NOM_COMUNA, COD_PROVIN, FEC_AUDITA, COD_USUARI, 
    IND_ESTADO, COD_NUEVO)
 Values
   ('08204', 'CONTULMO', '082', STR_TO_DATE('09/13/2002 14:25:23', '%m/%d/%Y %H:%i:%s'), 'ADMIN', 
    'V', NULL);
Insert into ADMIN.GG_TCOMUNA
   (COD_COMUNA, NOM_COMUNA, COD_PROVIN, FEC_AUDITA, COD_USUARI, 
    IND_ESTADO, COD_NUEVO)
 Values
   ('08205', 'CURANILAHUE', '082', STR_TO_DATE('09/13/2002 14:25:23', '%m/%d/%Y %H:%i:%s'), 'ADMIN', 
    'V', NULL);
Insert into ADMIN.GG_TCOMUNA
   (COD_COMUNA, NOM_COMUNA, COD_PROVIN, FEC_AUDITA, COD_USUARI, 
    IND_ESTADO, COD_NUEVO)
 Values
   ('08206', 'LOS ALAMOS', '082', STR_TO_DATE('09/13/2002 14:25:23', '%m/%d/%Y %H:%i:%s'), 'ADMIN', 
    'V', NULL);
Insert into ADMIN.GG_TCOMUNA
   (COD_COMUNA, NOM_COMUNA, COD_PROVIN, FEC_AUDITA, COD_USUARI, 
    IND_ESTADO, COD_NUEVO)
 Values
   ('08207', 'TIRUA', '082', STR_TO_DATE('09/13/2002 14:25:23', '%m/%d/%Y %H:%i:%s'), 'ADMIN', 
    'V', NULL);
Insert into ADMIN.GG_TCOMUNA
   (COD_COMUNA, NOM_COMUNA, COD_PROVIN, FEC_AUDITA, COD_USUARI, 
    IND_ESTADO, COD_NUEVO)
 Values
   ('08301', 'LOS ANGELES', '083', STR_TO_DATE('09/13/2002 14:25:23', '%m/%d/%Y %H:%i:%s'), 'ADMIN', 
    'V', NULL);
Insert into ADMIN.GG_TCOMUNA
   (COD_COMUNA, NOM_COMUNA, COD_PROVIN, FEC_AUDITA, COD_USUARI, 
    IND_ESTADO, COD_NUEVO)
 Values
   ('08302', 'ANTUCO', '083', STR_TO_DATE('09/13/2002 14:25:23', '%m/%d/%Y %H:%i:%s'), 'ADMIN', 
    'V', NULL);
Insert into ADMIN.GG_TCOMUNA
   (COD_COMUNA, NOM_COMUNA, COD_PROVIN, FEC_AUDITA, COD_USUARI, 
    IND_ESTADO, COD_NUEVO)
 Values
   ('08303', 'CABRERO', '083', STR_TO_DATE('09/13/2002 14:25:23', '%m/%d/%Y %H:%i:%s'), 'ADMIN', 
    'V', NULL);
Insert into ADMIN.GG_TCOMUNA
   (COD_COMUNA, NOM_COMUNA, COD_PROVIN, FEC_AUDITA, COD_USUARI, 
    IND_ESTADO, COD_NUEVO)
 Values
   ('08304', 'LAJA', '083', STR_TO_DATE('09/13/2002 14:25:23', '%m/%d/%Y %H:%i:%s'), 'ADMIN', 
    'V', NULL);
Insert into ADMIN.GG_TCOMUNA
   (COD_COMUNA, NOM_COMUNA, COD_PROVIN, FEC_AUDITA, COD_USUARI, 
    IND_ESTADO, COD_NUEVO)
 Values
   ('08305', 'MULCHEN', '083', STR_TO_DATE('09/13/2002 14:25:23', '%m/%d/%Y %H:%i:%s'), 'ADMIN', 
    'V', NULL);
Insert into ADMIN.GG_TCOMUNA
   (COD_COMUNA, NOM_COMUNA, COD_PROVIN, FEC_AUDITA, COD_USUARI, 
    IND_ESTADO, COD_NUEVO)
 Values
   ('08306', 'NACIMIENTO', '083', STR_TO_DATE('09/13/2002 14:25:23', '%m/%d/%Y %H:%i:%s'), 'ADMIN', 
    'V', NULL);
Insert into ADMIN.GG_TCOMUNA
   (COD_COMUNA, NOM_COMUNA, COD_PROVIN, FEC_AUDITA, COD_USUARI, 
    IND_ESTADO, COD_NUEVO)
 Values
   ('08307', 'NEGRETE', '083', STR_TO_DATE('09/13/2002 14:25:23', '%m/%d/%Y %H:%i:%s'), 'ADMIN', 
    'V', NULL);
Insert into ADMIN.GG_TCOMUNA
   (COD_COMUNA, NOM_COMUNA, COD_PROVIN, FEC_AUDITA, COD_USUARI, 
    IND_ESTADO, COD_NUEVO)
 Values
   ('08308', 'QUILACO', '083', STR_TO_DATE('09/13/2002 14:25:23', '%m/%d/%Y %H:%i:%s'), 'ADMIN', 
    'V', NULL);
Insert into ADMIN.GG_TCOMUNA
   (COD_COMUNA, NOM_COMUNA, COD_PROVIN, FEC_AUDITA, COD_USUARI, 
    IND_ESTADO, COD_NUEVO)
 Values
   ('08309', 'QUILLECO', '083', STR_TO_DATE('09/13/2002 14:25:23', '%m/%d/%Y %H:%i:%s'), 'ADMIN', 
    'V', NULL);
Insert into ADMIN.GG_TCOMUNA
   (COD_COMUNA, NOM_COMUNA, COD_PROVIN, FEC_AUDITA, COD_USUARI, 
    IND_ESTADO, COD_NUEVO)
 Values
   ('08310', 'SAN ROSENDO', '083', STR_TO_DATE('09/13/2002 14:25:23', '%m/%d/%Y %H:%i:%s'), 'ADMIN', 
    'V', NULL);
Insert into ADMIN.GG_TCOMUNA
   (COD_COMUNA, NOM_COMUNA, COD_PROVIN, FEC_AUDITA, COD_USUARI, 
    IND_ESTADO, COD_NUEVO)
 Values
   ('08311', 'SANTA BARBARA', '083', STR_TO_DATE('09/13/2002 14:25:23', '%m/%d/%Y %H:%i:%s'), 'ADMIN', 
    'V', NULL);
Insert into ADMIN.GG_TCOMUNA
   (COD_COMUNA, NOM_COMUNA, COD_PROVIN, FEC_AUDITA, COD_USUARI, 
    IND_ESTADO, COD_NUEVO)
 Values
   ('08312', 'TUCAPEL', '083', STR_TO_DATE('09/13/2002 14:25:23', '%m/%d/%Y %H:%i:%s'), 'ADMIN', 
    'V', NULL);
Insert into ADMIN.GG_TCOMUNA
   (COD_COMUNA, NOM_COMUNA, COD_PROVIN, FEC_AUDITA, COD_USUARI, 
    IND_ESTADO, COD_NUEVO)
 Values
   ('08313', 'YUMBEL', '083', STR_TO_DATE('09/13/2002 14:25:23', '%m/%d/%Y %H:%i:%s'), 'ADMIN', 
    'V', NULL);
Insert into ADMIN.GG_TCOMUNA
   (COD_COMUNA, NOM_COMUNA, COD_PROVIN, FEC_AUDITA, COD_USUARI, 
    IND_ESTADO, COD_NUEVO)
 Values
   ('08401', 'CHILLAN', '084', STR_TO_DATE('09/13/2002 14:25:23', '%m/%d/%Y %H:%i:%s'), 'ADMIN', 
    'V', NULL);
Insert into ADMIN.GG_TCOMUNA
   (COD_COMUNA, NOM_COMUNA, COD_PROVIN, FEC_AUDITA, COD_USUARI, 
    IND_ESTADO, COD_NUEVO)
 Values
   ('08402', 'BULNES', '084', STR_TO_DATE('09/13/2002 14:25:23', '%m/%d/%Y %H:%i:%s'), 'ADMIN', 
    'V', NULL);
Insert into ADMIN.GG_TCOMUNA
   (COD_COMUNA, NOM_COMUNA, COD_PROVIN, FEC_AUDITA, COD_USUARI, 
    IND_ESTADO, COD_NUEVO)
 Values
   ('08403', 'COBQUECURA', '084', STR_TO_DATE('09/13/2002 14:25:23', '%m/%d/%Y %H:%i:%s'), 'ADMIN', 
    'V', NULL);
Insert into ADMIN.GG_TCOMUNA
   (COD_COMUNA, NOM_COMUNA, COD_PROVIN, FEC_AUDITA, COD_USUARI, 
    IND_ESTADO, COD_NUEVO)
 Values
   ('08404', 'COELEMU', '084', STR_TO_DATE('09/13/2002 14:25:23', '%m/%d/%Y %H:%i:%s'), 'ADMIN', 
    'V', NULL);
Insert into ADMIN.GG_TCOMUNA
   (COD_COMUNA, NOM_COMUNA, COD_PROVIN, FEC_AUDITA, COD_USUARI, 
    IND_ESTADO, COD_NUEVO)
 Values
   ('08405', 'COIHUECO', '084', STR_TO_DATE('09/13/2002 14:25:23', '%m/%d/%Y %H:%i:%s'), 'ADMIN', 
    'V', NULL);
Insert into ADMIN.GG_TCOMUNA
   (COD_COMUNA, NOM_COMUNA, COD_PROVIN, FEC_AUDITA, COD_USUARI, 
    IND_ESTADO, COD_NUEVO)
 Values
   ('08406', 'CHILLAN VIEJO', '084', STR_TO_DATE('09/13/2002 14:25:23', '%m/%d/%Y %H:%i:%s'), 'ADMIN', 
    'V', NULL);
Insert into ADMIN.GG_TCOMUNA
   (COD_COMUNA, NOM_COMUNA, COD_PROVIN, FEC_AUDITA, COD_USUARI, 
    IND_ESTADO, COD_NUEVO)
 Values
   ('08407', 'EL CARMEN', '084', STR_TO_DATE('09/13/2002 14:25:23', '%m/%d/%Y %H:%i:%s'), 'ADMIN', 
    'V', NULL);
Insert into ADMIN.GG_TCOMUNA
   (COD_COMUNA, NOM_COMUNA, COD_PROVIN, FEC_AUDITA, COD_USUARI, 
    IND_ESTADO, COD_NUEVO)
 Values
   ('08408', 'NINHUE', '084', STR_TO_DATE('09/13/2002 14:25:23', '%m/%d/%Y %H:%i:%s'), 'ADMIN', 
    'V', NULL);
Insert into ADMIN.GG_TCOMUNA
   (COD_COMUNA, NOM_COMUNA, COD_PROVIN, FEC_AUDITA, COD_USUARI, 
    IND_ESTADO, COD_NUEVO)
 Values
   ('08409', 'ÑIQUEN', '084', STR_TO_DATE('09/13/2002 14:25:23', '%m/%d/%Y %H:%i:%s'), 'ADMIN', 
    'V', NULL);
Insert into ADMIN.GG_TCOMUNA
   (COD_COMUNA, NOM_COMUNA, COD_PROVIN, FEC_AUDITA, COD_USUARI, 
    IND_ESTADO, COD_NUEVO)
 Values
   ('08410', 'PEMUCO', '084', STR_TO_DATE('09/13/2002 14:25:23', '%m/%d/%Y %H:%i:%s'), 'ADMIN', 
    'V', NULL);
Insert into ADMIN.GG_TCOMUNA
   (COD_COMUNA, NOM_COMUNA, COD_PROVIN, FEC_AUDITA, COD_USUARI, 
    IND_ESTADO, COD_NUEVO)
 Values
   ('08411', 'PINTO', '084', STR_TO_DATE('09/13/2002 14:25:23', '%m/%d/%Y %H:%i:%s'), 'ADMIN', 
    'V', NULL);
Insert into ADMIN.GG_TCOMUNA
   (COD_COMUNA, NOM_COMUNA, COD_PROVIN, FEC_AUDITA, COD_USUARI, 
    IND_ESTADO, COD_NUEVO)
 Values
   ('08412', 'PORTEZUELO', '084', STR_TO_DATE('09/13/2002 14:25:23', '%m/%d/%Y %H:%i:%s'), 'ADMIN', 
    'V', NULL);
Insert into ADMIN.GG_TCOMUNA
   (COD_COMUNA, NOM_COMUNA, COD_PROVIN, FEC_AUDITA, COD_USUARI, 
    IND_ESTADO, COD_NUEVO)
 Values
   ('08413', 'QUILLON', '084', STR_TO_DATE('09/13/2002 14:25:23', '%m/%d/%Y %H:%i:%s'), 'ADMIN', 
    'V', NULL);
Insert into ADMIN.GG_TCOMUNA
   (COD_COMUNA, NOM_COMUNA, COD_PROVIN, FEC_AUDITA, COD_USUARI, 
    IND_ESTADO, COD_NUEVO)
 Values
   ('08414', 'QUIRIHUE', '084', STR_TO_DATE('09/13/2002 14:25:23', '%m/%d/%Y %H:%i:%s'), 'ADMIN', 
    'V', NULL);
Insert into ADMIN.GG_TCOMUNA
   (COD_COMUNA, NOM_COMUNA, COD_PROVIN, FEC_AUDITA, COD_USUARI, 
    IND_ESTADO, COD_NUEVO)
 Values
   ('08415', 'RANQUIL', '084', STR_TO_DATE('09/13/2002 14:25:23', '%m/%d/%Y %H:%i:%s'), 'ADMIN', 
    'V', NULL);
Insert into ADMIN.GG_TCOMUNA
   (COD_COMUNA, NOM_COMUNA, COD_PROVIN, FEC_AUDITA, COD_USUARI, 
    IND_ESTADO, COD_NUEVO)
 Values
   ('08416', 'SAN CARLOS', '084', STR_TO_DATE('09/13/2002 14:25:23', '%m/%d/%Y %H:%i:%s'), 'ADMIN', 
    'V', NULL);
Insert into ADMIN.GG_TCOMUNA
   (COD_COMUNA, NOM_COMUNA, COD_PROVIN, FEC_AUDITA, COD_USUARI, 
    IND_ESTADO, COD_NUEVO)
 Values
   ('08417', 'SAN FABIAN', '084', STR_TO_DATE('09/13/2002 14:25:23', '%m/%d/%Y %H:%i:%s'), 'ADMIN', 
    'V', NULL);
Insert into ADMIN.GG_TCOMUNA
   (COD_COMUNA, NOM_COMUNA, COD_PROVIN, FEC_AUDITA, COD_USUARI, 
    IND_ESTADO, COD_NUEVO)
 Values
   ('08418', 'SAN IGNACIO', '084', STR_TO_DATE('09/13/2002 14:25:23', '%m/%d/%Y %H:%i:%s'), 'ADMIN', 
    'V', NULL);
Insert into ADMIN.GG_TCOMUNA
   (COD_COMUNA, NOM_COMUNA, COD_PROVIN, FEC_AUDITA, COD_USUARI, 
    IND_ESTADO, COD_NUEVO)
 Values
   ('08419', 'SAN NICOLAS', '084', STR_TO_DATE('09/13/2002 14:25:23', '%m/%d/%Y %H:%i:%s'), 'ADMIN', 
    'V', NULL);
Insert into ADMIN.GG_TCOMUNA
   (COD_COMUNA, NOM_COMUNA, COD_PROVIN, FEC_AUDITA, COD_USUARI, 
    IND_ESTADO, COD_NUEVO)
 Values
   ('08420', 'TREGUACO', '084', STR_TO_DATE('09/13/2002 14:25:23', '%m/%d/%Y %H:%i:%s'), 'ADMIN', 
    'V', NULL);
Insert into ADMIN.GG_TCOMUNA
   (COD_COMUNA, NOM_COMUNA, COD_PROVIN, FEC_AUDITA, COD_USUARI, 
    IND_ESTADO, COD_NUEVO)
 Values
   ('08421', 'YUNGAY', '084', STR_TO_DATE('09/13/2002 14:25:23', '%m/%d/%Y %H:%i:%s'), 'ADMIN', 
    'V', NULL);
Insert into ADMIN.GG_TCOMUNA
   (COD_COMUNA, NOM_COMUNA, COD_PROVIN, FEC_AUDITA, COD_USUARI, 
    IND_ESTADO, COD_NUEVO)
 Values
   ('09101', 'TEMUCO', '091', STR_TO_DATE('09/13/2002 14:25:23', '%m/%d/%Y %H:%i:%s'), 'ADMIN', 
    'V', NULL);
Insert into ADMIN.GG_TCOMUNA
   (COD_COMUNA, NOM_COMUNA, COD_PROVIN, FEC_AUDITA, COD_USUARI, 
    IND_ESTADO, COD_NUEVO)
 Values
   ('09102', 'CARAHUE', '091', STR_TO_DATE('09/13/2002 14:25:23', '%m/%d/%Y %H:%i:%s'), 'ADMIN', 
    'V', NULL);
Insert into ADMIN.GG_TCOMUNA
   (COD_COMUNA, NOM_COMUNA, COD_PROVIN, FEC_AUDITA, COD_USUARI, 
    IND_ESTADO, COD_NUEVO)
 Values
   ('09103', 'CUNCO', '091', STR_TO_DATE('09/13/2002 14:25:23', '%m/%d/%Y %H:%i:%s'), 'ADMIN', 
    'V', NULL);
Insert into ADMIN.GG_TCOMUNA
   (COD_COMUNA, NOM_COMUNA, COD_PROVIN, FEC_AUDITA, COD_USUARI, 
    IND_ESTADO, COD_NUEVO)
 Values
   ('09104', 'CURARREHUE', '091', STR_TO_DATE('09/13/2002 14:25:23', '%m/%d/%Y %H:%i:%s'), 'ADMIN', 
    'V', NULL);
Insert into ADMIN.GG_TCOMUNA
   (COD_COMUNA, NOM_COMUNA, COD_PROVIN, FEC_AUDITA, COD_USUARI, 
    IND_ESTADO, COD_NUEVO)
 Values
   ('09105', 'FREIRE', '091', STR_TO_DATE('09/13/2002 14:25:23', '%m/%d/%Y %H:%i:%s'), 'ADMIN', 
    'V', NULL);
Insert into ADMIN.GG_TCOMUNA
   (COD_COMUNA, NOM_COMUNA, COD_PROVIN, FEC_AUDITA, COD_USUARI, 
    IND_ESTADO, COD_NUEVO)
 Values
   ('09106', 'GALVARINO', '091', STR_TO_DATE('09/13/2002 14:25:23', '%m/%d/%Y %H:%i:%s'), 'ADMIN', 
    'V', NULL);
Insert into ADMIN.GG_TCOMUNA
   (COD_COMUNA, NOM_COMUNA, COD_PROVIN, FEC_AUDITA, COD_USUARI, 
    IND_ESTADO, COD_NUEVO)
 Values
   ('09107', 'GORBEA', '091', STR_TO_DATE('09/13/2002 14:25:23', '%m/%d/%Y %H:%i:%s'), 'ADMIN', 
    'V', NULL);
Insert into ADMIN.GG_TCOMUNA
   (COD_COMUNA, NOM_COMUNA, COD_PROVIN, FEC_AUDITA, COD_USUARI, 
    IND_ESTADO, COD_NUEVO)
 Values
   ('09108', 'LAUTARO', '091', STR_TO_DATE('09/13/2002 14:25:23', '%m/%d/%Y %H:%i:%s'), 'ADMIN', 
    'V', NULL);
Insert into ADMIN.GG_TCOMUNA
   (COD_COMUNA, NOM_COMUNA, COD_PROVIN, FEC_AUDITA, COD_USUARI, 
    IND_ESTADO, COD_NUEVO)
 Values
   ('09109', 'LONCOCHE', '091', STR_TO_DATE('09/13/2002 14:25:23', '%m/%d/%Y %H:%i:%s'), 'ADMIN', 
    'V', NULL);
Insert into ADMIN.GG_TCOMUNA
   (COD_COMUNA, NOM_COMUNA, COD_PROVIN, FEC_AUDITA, COD_USUARI, 
    IND_ESTADO, COD_NUEVO)
 Values
   ('09110', 'MELIPEUCO', '091', STR_TO_DATE('09/13/2002 14:25:23', '%m/%d/%Y %H:%i:%s'), 'ADMIN', 
    'V', NULL);
Insert into ADMIN.GG_TCOMUNA
   (COD_COMUNA, NOM_COMUNA, COD_PROVIN, FEC_AUDITA, COD_USUARI, 
    IND_ESTADO, COD_NUEVO)
 Values
   ('09111', 'NUEVA IMPERIAL', '091', STR_TO_DATE('09/13/2002 14:25:23', '%m/%d/%Y %H:%i:%s'), 'ADMIN', 
    'V', NULL);
Insert into ADMIN.GG_TCOMUNA
   (COD_COMUNA, NOM_COMUNA, COD_PROVIN, FEC_AUDITA, COD_USUARI, 
    IND_ESTADO, COD_NUEVO)
 Values
   ('09112', 'PADRE LAS CASAS', '091', STR_TO_DATE('09/13/2002 14:25:23', '%m/%d/%Y %H:%i:%s'), 'ADMIN', 
    'V', NULL);
Insert into ADMIN.GG_TCOMUNA
   (COD_COMUNA, NOM_COMUNA, COD_PROVIN, FEC_AUDITA, COD_USUARI, 
    IND_ESTADO, COD_NUEVO)
 Values
   ('09113', 'PERQUENCO', '091', STR_TO_DATE('09/13/2002 14:25:23', '%m/%d/%Y %H:%i:%s'), 'ADMIN', 
    'V', NULL);
Insert into ADMIN.GG_TCOMUNA
   (COD_COMUNA, NOM_COMUNA, COD_PROVIN, FEC_AUDITA, COD_USUARI, 
    IND_ESTADO, COD_NUEVO)
 Values
   ('09114', 'PITRUFQUEN', '091', STR_TO_DATE('09/13/2002 14:25:23', '%m/%d/%Y %H:%i:%s'), 'ADMIN', 
    'V', NULL);
Insert into ADMIN.GG_TCOMUNA
   (COD_COMUNA, NOM_COMUNA, COD_PROVIN, FEC_AUDITA, COD_USUARI, 
    IND_ESTADO, COD_NUEVO)
 Values
   ('09115', 'PUCON', '091', STR_TO_DATE('09/13/2002 14:25:23', '%m/%d/%Y %H:%i:%s'), 'ADMIN', 
    'V', NULL);
Insert into ADMIN.GG_TCOMUNA
   (COD_COMUNA, NOM_COMUNA, COD_PROVIN, FEC_AUDITA, COD_USUARI, 
    IND_ESTADO, COD_NUEVO)
 Values
   ('09116', 'SAAVEDRA', '091', STR_TO_DATE('09/13/2002 14:25:23', '%m/%d/%Y %H:%i:%s'), 'ADMIN', 
    'V', NULL);
Insert into ADMIN.GG_TCOMUNA
   (COD_COMUNA, NOM_COMUNA, COD_PROVIN, FEC_AUDITA, COD_USUARI, 
    IND_ESTADO, COD_NUEVO)
 Values
   ('09117', 'TEODORO SCHMIDT', '091', STR_TO_DATE('09/13/2002 14:25:23', '%m/%d/%Y %H:%i:%s'), 'ADMIN', 
    'V', NULL);
Insert into ADMIN.GG_TCOMUNA
   (COD_COMUNA, NOM_COMUNA, COD_PROVIN, FEC_AUDITA, COD_USUARI, 
    IND_ESTADO, COD_NUEVO)
 Values
   ('09118', 'TOLTEN', '091', STR_TO_DATE('09/13/2002 14:25:23', '%m/%d/%Y %H:%i:%s'), 'ADMIN', 
    'V', NULL);
Insert into ADMIN.GG_TCOMUNA
   (COD_COMUNA, NOM_COMUNA, COD_PROVIN, FEC_AUDITA, COD_USUARI, 
    IND_ESTADO, COD_NUEVO)
 Values
   ('09119', 'VILCUN', '091', STR_TO_DATE('09/13/2002 14:25:23', '%m/%d/%Y %H:%i:%s'), 'ADMIN', 
    'V', NULL);
Insert into ADMIN.GG_TCOMUNA
   (COD_COMUNA, NOM_COMUNA, COD_PROVIN, FEC_AUDITA, COD_USUARI, 
    IND_ESTADO, COD_NUEVO)
 Values
   ('09120', 'VILLARRICA', '091', STR_TO_DATE('09/13/2002 14:25:23', '%m/%d/%Y %H:%i:%s'), 'ADMIN', 
    'V', NULL);
Insert into ADMIN.GG_TCOMUNA
   (COD_COMUNA, NOM_COMUNA, COD_PROVIN, FEC_AUDITA, COD_USUARI, 
    IND_ESTADO, COD_NUEVO)
 Values
   ('09201', 'ANGOL', '092', STR_TO_DATE('09/13/2002 14:25:23', '%m/%d/%Y %H:%i:%s'), 'ADMIN', 
    'V', NULL);
Insert into ADMIN.GG_TCOMUNA
   (COD_COMUNA, NOM_COMUNA, COD_PROVIN, FEC_AUDITA, COD_USUARI, 
    IND_ESTADO, COD_NUEVO)
 Values
   ('09202', 'COLLIPULLI', '092', STR_TO_DATE('09/13/2002 14:25:23', '%m/%d/%Y %H:%i:%s'), 'ADMIN', 
    'V', NULL);
Insert into ADMIN.GG_TCOMUNA
   (COD_COMUNA, NOM_COMUNA, COD_PROVIN, FEC_AUDITA, COD_USUARI, 
    IND_ESTADO, COD_NUEVO)
 Values
   ('09203', 'CURACAUTÍN', '092', STR_TO_DATE('09/13/2002 14:25:23', '%m/%d/%Y %H:%i:%s'), 'ADMIN', 
    'V', NULL);
Insert into ADMIN.GG_TCOMUNA
   (COD_COMUNA, NOM_COMUNA, COD_PROVIN, FEC_AUDITA, COD_USUARI, 
    IND_ESTADO, COD_NUEVO)
 Values
   ('09204', 'ERCILLA', '092', STR_TO_DATE('09/13/2002 14:25:23', '%m/%d/%Y %H:%i:%s'), 'ADMIN', 
    'V', NULL);
Insert into ADMIN.GG_TCOMUNA
   (COD_COMUNA, NOM_COMUNA, COD_PROVIN, FEC_AUDITA, COD_USUARI, 
    IND_ESTADO, COD_NUEVO)
 Values
   ('09205', 'LONQUIMAY', '092', STR_TO_DATE('09/13/2002 14:25:23', '%m/%d/%Y %H:%i:%s'), 'ADMIN', 
    'V', NULL);
Insert into ADMIN.GG_TCOMUNA
   (COD_COMUNA, NOM_COMUNA, COD_PROVIN, FEC_AUDITA, COD_USUARI, 
    IND_ESTADO, COD_NUEVO)
 Values
   ('09206', 'LOS SAUCES', '092', STR_TO_DATE('09/13/2002 14:25:23', '%m/%d/%Y %H:%i:%s'), 'ADMIN', 
    'V', NULL);
Insert into ADMIN.GG_TCOMUNA
   (COD_COMUNA, NOM_COMUNA, COD_PROVIN, FEC_AUDITA, COD_USUARI, 
    IND_ESTADO, COD_NUEVO)
 Values
   ('09207', 'LUMACO', '092', STR_TO_DATE('09/13/2002 14:25:23', '%m/%d/%Y %H:%i:%s'), 'ADMIN', 
    'V', NULL);
Insert into ADMIN.GG_TCOMUNA
   (COD_COMUNA, NOM_COMUNA, COD_PROVIN, FEC_AUDITA, COD_USUARI, 
    IND_ESTADO, COD_NUEVO)
 Values
   ('09208', 'PURÉN', '092', STR_TO_DATE('09/13/2002 14:25:23', '%m/%d/%Y %H:%i:%s'), 'ADMIN', 
    'V', NULL);
Insert into ADMIN.GG_TCOMUNA
   (COD_COMUNA, NOM_COMUNA, COD_PROVIN, FEC_AUDITA, COD_USUARI, 
    IND_ESTADO, COD_NUEVO)
 Values
   ('09209', 'RENAICO', '092', STR_TO_DATE('09/13/2002 14:25:23', '%m/%d/%Y %H:%i:%s'), 'ADMIN', 
    'V', NULL);
Insert into ADMIN.GG_TCOMUNA
   (COD_COMUNA, NOM_COMUNA, COD_PROVIN, FEC_AUDITA, COD_USUARI, 
    IND_ESTADO, COD_NUEVO)
 Values
   ('09210', 'TRAIGUÉN', '092', STR_TO_DATE('09/13/2002 14:25:23', '%m/%d/%Y %H:%i:%s'), 'ADMIN', 
    'V', NULL);
Insert into ADMIN.GG_TCOMUNA
   (COD_COMUNA, NOM_COMUNA, COD_PROVIN, FEC_AUDITA, COD_USUARI, 
    IND_ESTADO, COD_NUEVO)
 Values
   ('09211', 'VICTORIA', '092', STR_TO_DATE('09/13/2002 14:25:23', '%m/%d/%Y %H:%i:%s'), 'ADMIN', 
    'V', NULL);
Insert into ADMIN.GG_TCOMUNA
   (COD_COMUNA, NOM_COMUNA, COD_PROVIN, FEC_AUDITA, COD_USUARI, 
    IND_ESTADO, COD_NUEVO)
 Values
   ('10101', 'PUERTO MONTT', '101', STR_TO_DATE('09/13/2002 14:25:23', '%m/%d/%Y %H:%i:%s'), 'ADMIN', 
    'V', NULL);
Insert into ADMIN.GG_TCOMUNA
   (COD_COMUNA, NOM_COMUNA, COD_PROVIN, FEC_AUDITA, COD_USUARI, 
    IND_ESTADO, COD_NUEVO)
 Values
   ('10102', 'CALBUCO', '101', STR_TO_DATE('09/13/2002 14:25:23', '%m/%d/%Y %H:%i:%s'), 'ADMIN', 
    'V', NULL);
Insert into ADMIN.GG_TCOMUNA
   (COD_COMUNA, NOM_COMUNA, COD_PROVIN, FEC_AUDITA, COD_USUARI, 
    IND_ESTADO, COD_NUEVO)
 Values
   ('10103', 'COCHAMO', '101', STR_TO_DATE('09/13/2002 14:25:23', '%m/%d/%Y %H:%i:%s'), 'ADMIN', 
    'V', NULL);
Insert into ADMIN.GG_TCOMUNA
   (COD_COMUNA, NOM_COMUNA, COD_PROVIN, FEC_AUDITA, COD_USUARI, 
    IND_ESTADO, COD_NUEVO)
 Values
   ('10104', 'FRESIA', '101', STR_TO_DATE('09/13/2002 14:25:23', '%m/%d/%Y %H:%i:%s'), 'ADMIN', 
    'V', NULL);
Insert into ADMIN.GG_TCOMUNA
   (COD_COMUNA, NOM_COMUNA, COD_PROVIN, FEC_AUDITA, COD_USUARI, 
    IND_ESTADO, COD_NUEVO)
 Values
   ('10105', 'FRUTILLAR', '101', STR_TO_DATE('09/13/2002 14:25:23', '%m/%d/%Y %H:%i:%s'), 'ADMIN', 
    'V', NULL);
Insert into ADMIN.GG_TCOMUNA
   (COD_COMUNA, NOM_COMUNA, COD_PROVIN, FEC_AUDITA, COD_USUARI, 
    IND_ESTADO, COD_NUEVO)
 Values
   ('10106', 'LOS MUERMOS', '101', STR_TO_DATE('09/13/2002 14:25:23', '%m/%d/%Y %H:%i:%s'), 'ADMIN', 
    'V', NULL);
Insert into ADMIN.GG_TCOMUNA
   (COD_COMUNA, NOM_COMUNA, COD_PROVIN, FEC_AUDITA, COD_USUARI, 
    IND_ESTADO, COD_NUEVO)
 Values
   ('10107', 'LLANQUIHUE', '101', STR_TO_DATE('09/13/2002 14:25:23', '%m/%d/%Y %H:%i:%s'), 'ADMIN', 
    'V', NULL);
Insert into ADMIN.GG_TCOMUNA
   (COD_COMUNA, NOM_COMUNA, COD_PROVIN, FEC_AUDITA, COD_USUARI, 
    IND_ESTADO, COD_NUEVO)
 Values
   ('10108', 'MAULLIN', '101', STR_TO_DATE('09/13/2002 14:25:23', '%m/%d/%Y %H:%i:%s'), 'ADMIN', 
    'V', NULL);
Insert into ADMIN.GG_TCOMUNA
   (COD_COMUNA, NOM_COMUNA, COD_PROVIN, FEC_AUDITA, COD_USUARI, 
    IND_ESTADO, COD_NUEVO)
 Values
   ('10109', 'PUERTO VARAS', '101', STR_TO_DATE('09/13/2002 14:25:23', '%m/%d/%Y %H:%i:%s'), 'ADMIN', 
    'V', NULL);
Insert into ADMIN.GG_TCOMUNA
   (COD_COMUNA, NOM_COMUNA, COD_PROVIN, FEC_AUDITA, COD_USUARI, 
    IND_ESTADO, COD_NUEVO)
 Values
   ('10201', 'CASTRO', '102', STR_TO_DATE('09/13/2002 14:25:23', '%m/%d/%Y %H:%i:%s'), 'ADMIN', 
    'V', NULL);
Insert into ADMIN.GG_TCOMUNA
   (COD_COMUNA, NOM_COMUNA, COD_PROVIN, FEC_AUDITA, COD_USUARI, 
    IND_ESTADO, COD_NUEVO)
 Values
   ('10202', 'ANCUD', '102', STR_TO_DATE('09/13/2002 14:25:23', '%m/%d/%Y %H:%i:%s'), 'ADMIN', 
    'V', NULL);
Insert into ADMIN.GG_TCOMUNA
   (COD_COMUNA, NOM_COMUNA, COD_PROVIN, FEC_AUDITA, COD_USUARI, 
    IND_ESTADO, COD_NUEVO)
 Values
   ('10203', 'CHONCHI', '102', STR_TO_DATE('09/13/2002 14:25:23', '%m/%d/%Y %H:%i:%s'), 'ADMIN', 
    'V', NULL);
Insert into ADMIN.GG_TCOMUNA
   (COD_COMUNA, NOM_COMUNA, COD_PROVIN, FEC_AUDITA, COD_USUARI, 
    IND_ESTADO, COD_NUEVO)
 Values
   ('10204', 'CURACO DE VELEZ', '102', STR_TO_DATE('09/13/2002 14:25:23', '%m/%d/%Y %H:%i:%s'), 'ADMIN', 
    'V', NULL);
Insert into ADMIN.GG_TCOMUNA
   (COD_COMUNA, NOM_COMUNA, COD_PROVIN, FEC_AUDITA, COD_USUARI, 
    IND_ESTADO, COD_NUEVO)
 Values
   ('10205', 'DALCAHUE', '102', STR_TO_DATE('09/13/2002 14:25:23', '%m/%d/%Y %H:%i:%s'), 'ADMIN', 
    'V', NULL);
Insert into ADMIN.GG_TCOMUNA
   (COD_COMUNA, NOM_COMUNA, COD_PROVIN, FEC_AUDITA, COD_USUARI, 
    IND_ESTADO, COD_NUEVO)
 Values
   ('10206', 'PUQUELDON', '102', STR_TO_DATE('09/13/2002 14:25:23', '%m/%d/%Y %H:%i:%s'), 'ADMIN', 
    'V', NULL);
Insert into ADMIN.GG_TCOMUNA
   (COD_COMUNA, NOM_COMUNA, COD_PROVIN, FEC_AUDITA, COD_USUARI, 
    IND_ESTADO, COD_NUEVO)
 Values
   ('10207', 'QUEILEN', '102', STR_TO_DATE('09/13/2002 14:25:23', '%m/%d/%Y %H:%i:%s'), 'ADMIN', 
    'V', NULL);
Insert into ADMIN.GG_TCOMUNA
   (COD_COMUNA, NOM_COMUNA, COD_PROVIN, FEC_AUDITA, COD_USUARI, 
    IND_ESTADO, COD_NUEVO)
 Values
   ('10208', 'QUELLON', '102', STR_TO_DATE('09/13/2002 14:25:23', '%m/%d/%Y %H:%i:%s'), 'ADMIN', 
    'V', NULL);
Insert into ADMIN.GG_TCOMUNA
   (COD_COMUNA, NOM_COMUNA, COD_PROVIN, FEC_AUDITA, COD_USUARI, 
    IND_ESTADO, COD_NUEVO)
 Values
   ('10209', 'QUEMCHI', '102', STR_TO_DATE('09/13/2002 14:25:23', '%m/%d/%Y %H:%i:%s'), 'ADMIN', 
    'V', NULL);
Insert into ADMIN.GG_TCOMUNA
   (COD_COMUNA, NOM_COMUNA, COD_PROVIN, FEC_AUDITA, COD_USUARI, 
    IND_ESTADO, COD_NUEVO)
 Values
   ('10210', 'QUINCHAO', '102', STR_TO_DATE('09/13/2002 14:25:23', '%m/%d/%Y %H:%i:%s'), 'ADMIN', 
    'V', NULL);
Insert into ADMIN.GG_TCOMUNA
   (COD_COMUNA, NOM_COMUNA, COD_PROVIN, FEC_AUDITA, COD_USUARI, 
    IND_ESTADO, COD_NUEVO)
 Values
   ('10301', 'OSORNO', '103', STR_TO_DATE('09/13/2002 14:25:23', '%m/%d/%Y %H:%i:%s'), 'ADMIN', 
    'V', NULL);
Insert into ADMIN.GG_TCOMUNA
   (COD_COMUNA, NOM_COMUNA, COD_PROVIN, FEC_AUDITA, COD_USUARI, 
    IND_ESTADO, COD_NUEVO)
 Values
   ('10302', 'PUERTO OCTAY', '103', STR_TO_DATE('09/13/2002 14:25:23', '%m/%d/%Y %H:%i:%s'), 'ADMIN', 
    'V', NULL);
Insert into ADMIN.GG_TCOMUNA
   (COD_COMUNA, NOM_COMUNA, COD_PROVIN, FEC_AUDITA, COD_USUARI, 
    IND_ESTADO, COD_NUEVO)
 Values
   ('10303', 'PURRANQUE', '103', STR_TO_DATE('09/13/2002 14:25:23', '%m/%d/%Y %H:%i:%s'), 'ADMIN', 
    'V', NULL);
Insert into ADMIN.GG_TCOMUNA
   (COD_COMUNA, NOM_COMUNA, COD_PROVIN, FEC_AUDITA, COD_USUARI, 
    IND_ESTADO, COD_NUEVO)
 Values
   ('10304', 'PUYEHUE', '103', STR_TO_DATE('09/13/2002 14:25:23', '%m/%d/%Y %H:%i:%s'), 'ADMIN', 
    'V', NULL);
Insert into ADMIN.GG_TCOMUNA
   (COD_COMUNA, NOM_COMUNA, COD_PROVIN, FEC_AUDITA, COD_USUARI, 
    IND_ESTADO, COD_NUEVO)
 Values
   ('10305', 'RIO NEGRO', '103', STR_TO_DATE('09/13/2002 14:25:23', '%m/%d/%Y %H:%i:%s'), 'ADMIN', 
    'V', NULL);
Insert into ADMIN.GG_TCOMUNA
   (COD_COMUNA, NOM_COMUNA, COD_PROVIN, FEC_AUDITA, COD_USUARI, 
    IND_ESTADO, COD_NUEVO)
 Values
   ('10306', 'SAN JUAN DE LA COSTA', '103', STR_TO_DATE('09/13/2002 14:25:23', '%m/%d/%Y %H:%i:%s'), 'ADMIN', 
    'V', NULL);
Insert into ADMIN.GG_TCOMUNA
   (COD_COMUNA, NOM_COMUNA, COD_PROVIN, FEC_AUDITA, COD_USUARI, 
    IND_ESTADO, COD_NUEVO)
 Values
   ('10307', 'SAN PABLO', '103', STR_TO_DATE('09/13/2002 14:25:23', '%m/%d/%Y %H:%i:%s'), 'ADMIN', 
    'V', NULL);
Insert into ADMIN.GG_TCOMUNA
   (COD_COMUNA, NOM_COMUNA, COD_PROVIN, FEC_AUDITA, COD_USUARI, 
    IND_ESTADO, COD_NUEVO)
 Values
   ('10401', 'CHAITEN', '104', STR_TO_DATE('09/13/2002 14:25:23', '%m/%d/%Y %H:%i:%s'), 'ADMIN', 
    'V', NULL);
Insert into ADMIN.GG_TCOMUNA
   (COD_COMUNA, NOM_COMUNA, COD_PROVIN, FEC_AUDITA, COD_USUARI, 
    IND_ESTADO, COD_NUEVO)
 Values
   ('10402', 'FUTALEUFU', '104', STR_TO_DATE('09/13/2002 14:25:23', '%m/%d/%Y %H:%i:%s'), 'ADMIN', 
    'V', NULL);
Insert into ADMIN.GG_TCOMUNA
   (COD_COMUNA, NOM_COMUNA, COD_PROVIN, FEC_AUDITA, COD_USUARI, 
    IND_ESTADO, COD_NUEVO)
 Values
   ('10403', 'HUALAIHUE', '104', STR_TO_DATE('09/13/2002 14:25:23', '%m/%d/%Y %H:%i:%s'), 'ADMIN', 
    'V', NULL);
Insert into ADMIN.GG_TCOMUNA
   (COD_COMUNA, NOM_COMUNA, COD_PROVIN, FEC_AUDITA, COD_USUARI, 
    IND_ESTADO, COD_NUEVO)
 Values
   ('10404', 'PALENA', '104', STR_TO_DATE('09/13/2002 14:25:23', '%m/%d/%Y %H:%i:%s'), 'ADMIN', 
    'V', NULL);
Insert into ADMIN.GG_TCOMUNA
   (COD_COMUNA, NOM_COMUNA, COD_PROVIN, FEC_AUDITA, COD_USUARI, 
    IND_ESTADO, COD_NUEVO)
 Values
   ('10501', 'VALDIVIA', '105', STR_TO_DATE('09/13/2002 14:25:23', '%m/%d/%Y %H:%i:%s'), 'ADMIN', 
    'V', NULL);
Insert into ADMIN.GG_TCOMUNA
   (COD_COMUNA, NOM_COMUNA, COD_PROVIN, FEC_AUDITA, COD_USUARI, 
    IND_ESTADO, COD_NUEVO)
 Values
   ('10502', 'CORRAL', '105', STR_TO_DATE('09/13/2002 14:25:23', '%m/%d/%Y %H:%i:%s'), 'ADMIN', 
    'V', NULL);
Insert into ADMIN.GG_TCOMUNA
   (COD_COMUNA, NOM_COMUNA, COD_PROVIN, FEC_AUDITA, COD_USUARI, 
    IND_ESTADO, COD_NUEVO)
 Values
   ('10503', 'FUTRONO', '105', STR_TO_DATE('09/13/2002 14:25:23', '%m/%d/%Y %H:%i:%s'), 'ADMIN', 
    'V', NULL);
Insert into ADMIN.GG_TCOMUNA
   (COD_COMUNA, NOM_COMUNA, COD_PROVIN, FEC_AUDITA, COD_USUARI, 
    IND_ESTADO, COD_NUEVO)
 Values
   ('10504', 'LA UNION', '105', STR_TO_DATE('09/13/2002 14:25:23', '%m/%d/%Y %H:%i:%s'), 'ADMIN', 
    'V', NULL);
Insert into ADMIN.GG_TCOMUNA
   (COD_COMUNA, NOM_COMUNA, COD_PROVIN, FEC_AUDITA, COD_USUARI, 
    IND_ESTADO, COD_NUEVO)
 Values
   ('10505', 'LAGO RANCO', '105', STR_TO_DATE('09/13/2002 14:25:23', '%m/%d/%Y %H:%i:%s'), 'ADMIN', 
    'V', NULL);
Insert into ADMIN.GG_TCOMUNA
   (COD_COMUNA, NOM_COMUNA, COD_PROVIN, FEC_AUDITA, COD_USUARI, 
    IND_ESTADO, COD_NUEVO)
 Values
   ('10506', 'LANCO', '105', STR_TO_DATE('09/13/2002 14:25:23', '%m/%d/%Y %H:%i:%s'), 'ADMIN', 
    'V', NULL);
Insert into ADMIN.GG_TCOMUNA
   (COD_COMUNA, NOM_COMUNA, COD_PROVIN, FEC_AUDITA, COD_USUARI, 
    IND_ESTADO, COD_NUEVO)
 Values
   ('10507', 'LOS LAGOS', '105', STR_TO_DATE('09/13/2002 14:25:23', '%m/%d/%Y %H:%i:%s'), 'ADMIN', 
    'V', NULL);
Insert into ADMIN.GG_TCOMUNA
   (COD_COMUNA, NOM_COMUNA, COD_PROVIN, FEC_AUDITA, COD_USUARI, 
    IND_ESTADO, COD_NUEVO)
 Values
   ('10508', 'MAFIL', '105', STR_TO_DATE('09/13/2002 14:25:23', '%m/%d/%Y %H:%i:%s'), 'ADMIN', 
    'V', NULL);
Insert into ADMIN.GG_TCOMUNA
   (COD_COMUNA, NOM_COMUNA, COD_PROVIN, FEC_AUDITA, COD_USUARI, 
    IND_ESTADO, COD_NUEVO)
 Values
   ('14106', 'MARIQUINA', '105', STR_TO_DATE('09/13/2002 14:25:23', '%m/%d/%Y %H:%i:%s'), 'ADMIN', 
    'V', NULL);
Insert into ADMIN.GG_TCOMUNA
   (COD_COMUNA, NOM_COMUNA, COD_PROVIN, FEC_AUDITA, COD_USUARI, 
    IND_ESTADO, COD_NUEVO)
 Values
   ('10510', 'PAILLACO', '105', STR_TO_DATE('09/13/2002 14:25:23', '%m/%d/%Y %H:%i:%s'), 'ADMIN', 
    'V', NULL);
Insert into ADMIN.GG_TCOMUNA
   (COD_COMUNA, NOM_COMUNA, COD_PROVIN, FEC_AUDITA, COD_USUARI, 
    IND_ESTADO, COD_NUEVO)
 Values
   ('10511', 'PANGUIPULLI', '105', STR_TO_DATE('09/13/2002 14:25:23', '%m/%d/%Y %H:%i:%s'), 'ADMIN', 
    'V', NULL);
Insert into ADMIN.GG_TCOMUNA
   (COD_COMUNA, NOM_COMUNA, COD_PROVIN, FEC_AUDITA, COD_USUARI, 
    IND_ESTADO, COD_NUEVO)
 Values
   ('10512', 'RIO BUENO', '105', STR_TO_DATE('09/13/2002 14:25:23', '%m/%d/%Y %H:%i:%s'), 'ADMIN', 
    'V', NULL);
Insert into ADMIN.GG_TCOMUNA
   (COD_COMUNA, NOM_COMUNA, COD_PROVIN, FEC_AUDITA, COD_USUARI, 
    IND_ESTADO, COD_NUEVO)
 Values
   ('11101', 'COYHAIQUE', '111', STR_TO_DATE('09/13/2002 14:25:23', '%m/%d/%Y %H:%i:%s'), 'ADMIN', 
    'V', NULL);
Insert into ADMIN.GG_TCOMUNA
   (COD_COMUNA, NOM_COMUNA, COD_PROVIN, FEC_AUDITA, COD_USUARI, 
    IND_ESTADO, COD_NUEVO)
 Values
   ('11102', 'LAGO VERDE', '111', STR_TO_DATE('09/13/2002 14:25:23', '%m/%d/%Y %H:%i:%s'), 'ADMIN', 
    'V', NULL);
Insert into ADMIN.GG_TCOMUNA
   (COD_COMUNA, NOM_COMUNA, COD_PROVIN, FEC_AUDITA, COD_USUARI, 
    IND_ESTADO, COD_NUEVO)
 Values
   ('11201', 'AISEN', '112', STR_TO_DATE('09/13/2002 14:25:23', '%m/%d/%Y %H:%i:%s'), 'ADMIN', 
    'V', NULL);
Insert into ADMIN.GG_TCOMUNA
   (COD_COMUNA, NOM_COMUNA, COD_PROVIN, FEC_AUDITA, COD_USUARI, 
    IND_ESTADO, COD_NUEVO)
 Values
   ('11202', 'CISNES', '112', STR_TO_DATE('09/13/2002 14:25:23', '%m/%d/%Y %H:%i:%s'), 'ADMIN', 
    'V', NULL);
Insert into ADMIN.GG_TCOMUNA
   (COD_COMUNA, NOM_COMUNA, COD_PROVIN, FEC_AUDITA, COD_USUARI, 
    IND_ESTADO, COD_NUEVO)
 Values
   ('11203', 'GUAITECAS', '112', STR_TO_DATE('09/13/2002 14:25:23', '%m/%d/%Y %H:%i:%s'), 'ADMIN', 
    'V', NULL);
Insert into ADMIN.GG_TCOMUNA
   (COD_COMUNA, NOM_COMUNA, COD_PROVIN, FEC_AUDITA, COD_USUARI, 
    IND_ESTADO, COD_NUEVO)
 Values
   ('11301', 'COCHRANE', '113', STR_TO_DATE('09/13/2002 14:25:23', '%m/%d/%Y %H:%i:%s'), 'ADMIN', 
    'V', NULL);
Insert into ADMIN.GG_TCOMUNA
   (COD_COMUNA, NOM_COMUNA, COD_PROVIN, FEC_AUDITA, COD_USUARI, 
    IND_ESTADO, COD_NUEVO)
 Values
   ('11302', 'O''HIGGINS', '113', STR_TO_DATE('09/13/2002 14:25:23', '%m/%d/%Y %H:%i:%s'), 'ADMIN', 
    'V', NULL);
Insert into ADMIN.GG_TCOMUNA
   (COD_COMUNA, NOM_COMUNA, COD_PROVIN, FEC_AUDITA, COD_USUARI, 
    IND_ESTADO, COD_NUEVO)
 Values
   ('11303', 'TORTEL', '113', STR_TO_DATE('09/13/2002 14:25:23', '%m/%d/%Y %H:%i:%s'), 'ADMIN', 
    'V', NULL);
Insert into ADMIN.GG_TCOMUNA
   (COD_COMUNA, NOM_COMUNA, COD_PROVIN, FEC_AUDITA, COD_USUARI, 
    IND_ESTADO, COD_NUEVO)
 Values
   ('11401', 'CHILE CHICO', '114', STR_TO_DATE('09/13/2002 14:25:23', '%m/%d/%Y %H:%i:%s'), 'ADMIN', 
    'V', NULL);
Insert into ADMIN.GG_TCOMUNA
   (COD_COMUNA, NOM_COMUNA, COD_PROVIN, FEC_AUDITA, COD_USUARI, 
    IND_ESTADO, COD_NUEVO)
 Values
   ('11402', 'RIO IBAÑEZ', '114', STR_TO_DATE('09/13/2002 14:25:23', '%m/%d/%Y %H:%i:%s'), 'ADMIN', 
    'V', NULL);
Insert into ADMIN.GG_TCOMUNA
   (COD_COMUNA, NOM_COMUNA, COD_PROVIN, FEC_AUDITA, COD_USUARI, 
    IND_ESTADO, COD_NUEVO)
 Values
   ('12101', 'PUNTA ARENAS', '121', STR_TO_DATE('09/13/2002 14:25:23', '%m/%d/%Y %H:%i:%s'), 'ADMIN', 
    'V', NULL);
Insert into ADMIN.GG_TCOMUNA
   (COD_COMUNA, NOM_COMUNA, COD_PROVIN, FEC_AUDITA, COD_USUARI, 
    IND_ESTADO, COD_NUEVO)
 Values
   ('12102', 'LAGUNA BLANCA', '121', STR_TO_DATE('09/13/2002 14:25:23', '%m/%d/%Y %H:%i:%s'), 'ADMIN', 
    'V', NULL);
Insert into ADMIN.GG_TCOMUNA
   (COD_COMUNA, NOM_COMUNA, COD_PROVIN, FEC_AUDITA, COD_USUARI, 
    IND_ESTADO, COD_NUEVO)
 Values
   ('12103', 'RIO VERDE', '121', STR_TO_DATE('09/13/2002 14:25:23', '%m/%d/%Y %H:%i:%s'), 'ADMIN', 
    'V', NULL);
Insert into ADMIN.GG_TCOMUNA
   (COD_COMUNA, NOM_COMUNA, COD_PROVIN, FEC_AUDITA, COD_USUARI, 
    IND_ESTADO, COD_NUEVO)
 Values
   ('12104', 'SAN GREGORIO', '121', STR_TO_DATE('09/13/2002 14:25:23', '%m/%d/%Y %H:%i:%s'), 'ADMIN', 
    'V', NULL);
Insert into ADMIN.GG_TCOMUNA
   (COD_COMUNA, NOM_COMUNA, COD_PROVIN, FEC_AUDITA, COD_USUARI, 
    IND_ESTADO, COD_NUEVO)
 Values
   ('12201', 'NAVARINO', '122', STR_TO_DATE('09/13/2002 14:25:23', '%m/%d/%Y %H:%i:%s'), 'ADMIN', 
    'V', NULL);
Insert into ADMIN.GG_TCOMUNA
   (COD_COMUNA, NOM_COMUNA, COD_PROVIN, FEC_AUDITA, COD_USUARI, 
    IND_ESTADO, COD_NUEVO)
 Values
   ('12202', 'ANTARTICA', '122', STR_TO_DATE('09/13/2002 14:25:23', '%m/%d/%Y %H:%i:%s'), 'ADMIN', 
    'V', NULL);
Insert into ADMIN.GG_TCOMUNA
   (COD_COMUNA, NOM_COMUNA, COD_PROVIN, FEC_AUDITA, COD_USUARI, 
    IND_ESTADO, COD_NUEVO)
 Values
   ('12301', 'PORVENIR', '123', STR_TO_DATE('09/13/2002 14:25:23', '%m/%d/%Y %H:%i:%s'), 'ADMIN', 
    'V', NULL);
Insert into ADMIN.GG_TCOMUNA
   (COD_COMUNA, NOM_COMUNA, COD_PROVIN, FEC_AUDITA, COD_USUARI, 
    IND_ESTADO, COD_NUEVO)
 Values
   ('12302', 'PRIMAVERA', '123', STR_TO_DATE('09/13/2002 14:25:23', '%m/%d/%Y %H:%i:%s'), 'ADMIN', 
    'V', NULL);
Insert into ADMIN.GG_TCOMUNA
   (COD_COMUNA, NOM_COMUNA, COD_PROVIN, FEC_AUDITA, COD_USUARI, 
    IND_ESTADO, COD_NUEVO)
 Values
   ('12303', 'TIMAUKEL', '123', STR_TO_DATE('09/13/2002 14:25:23', '%m/%d/%Y %H:%i:%s'), 'ADMIN', 
    'V', NULL);
Insert into ADMIN.GG_TCOMUNA
   (COD_COMUNA, NOM_COMUNA, COD_PROVIN, FEC_AUDITA, COD_USUARI, 
    IND_ESTADO, COD_NUEVO)
 Values
   ('12401', 'NATALES', '124', STR_TO_DATE('09/13/2002 14:25:23', '%m/%d/%Y %H:%i:%s'), 'ADMIN', 
    'V', NULL);
Insert into ADMIN.GG_TCOMUNA
   (COD_COMUNA, NOM_COMUNA, COD_PROVIN, FEC_AUDITA, COD_USUARI, 
    IND_ESTADO, COD_NUEVO)
 Values
   ('12402', 'TORRES DEL PAINE', '124', STR_TO_DATE('09/13/2002 14:25:23', '%m/%d/%Y %H:%i:%s'), 'ADMIN', 
    'V', NULL);
Insert into ADMIN.GG_TCOMUNA
   (COD_COMUNA, NOM_COMUNA, COD_PROVIN, FEC_AUDITA, COD_USUARI, 
    IND_ESTADO, COD_NUEVO)
 Values
   ('13101', 'SANTIAGO', '131', STR_TO_DATE('09/13/2002 14:25:23', '%m/%d/%Y %H:%i:%s'), 'ADMIN', 
    'V', NULL);
Insert into ADMIN.GG_TCOMUNA
   (COD_COMUNA, NOM_COMUNA, COD_PROVIN, FEC_AUDITA, COD_USUARI, 
    IND_ESTADO, COD_NUEVO)
 Values
   ('13102', 'CERRILLOS', '131', STR_TO_DATE('09/13/2002 14:25:23', '%m/%d/%Y %H:%i:%s'), 'ADMIN', 
    'V', NULL);
Insert into ADMIN.GG_TCOMUNA
   (COD_COMUNA, NOM_COMUNA, COD_PROVIN, FEC_AUDITA, COD_USUARI, 
    IND_ESTADO, COD_NUEVO)
 Values
   ('13103', 'CERRO NAVIA', '131', STR_TO_DATE('09/13/2002 14:25:23', '%m/%d/%Y %H:%i:%s'), 'ADMIN', 
    'V', NULL);
Insert into ADMIN.GG_TCOMUNA
   (COD_COMUNA, NOM_COMUNA, COD_PROVIN, FEC_AUDITA, COD_USUARI, 
    IND_ESTADO, COD_NUEVO)
 Values
   ('13104', 'CONCHALI', '131', STR_TO_DATE('09/13/2002 14:25:23', '%m/%d/%Y %H:%i:%s'), 'ADMIN', 
    'V', NULL);
Insert into ADMIN.GG_TCOMUNA
   (COD_COMUNA, NOM_COMUNA, COD_PROVIN, FEC_AUDITA, COD_USUARI, 
    IND_ESTADO, COD_NUEVO)
 Values
   ('13105', 'EL BOSQUE', '131', STR_TO_DATE('09/13/2002 14:25:23', '%m/%d/%Y %H:%i:%s'), 'ADMIN', 
    'V', NULL);
Insert into ADMIN.GG_TCOMUNA
   (COD_COMUNA, NOM_COMUNA, COD_PROVIN, FEC_AUDITA, COD_USUARI, 
    IND_ESTADO, COD_NUEVO)
 Values
   ('13106', 'ESTACION CENTRAL', '131', STR_TO_DATE('09/13/2002 14:25:23', '%m/%d/%Y %H:%i:%s'), 'ADMIN', 
    'V', NULL);
Insert into ADMIN.GG_TCOMUNA
   (COD_COMUNA, NOM_COMUNA, COD_PROVIN, FEC_AUDITA, COD_USUARI, 
    IND_ESTADO, COD_NUEVO)
 Values
   ('13107', 'HUECHURABA', '131', STR_TO_DATE('09/13/2002 14:25:23', '%m/%d/%Y %H:%i:%s'), 'ADMIN', 
    'V', NULL);
Insert into ADMIN.GG_TCOMUNA
   (COD_COMUNA, NOM_COMUNA, COD_PROVIN, FEC_AUDITA, COD_USUARI, 
    IND_ESTADO, COD_NUEVO)
 Values
   ('13108', 'INDEPENDENCIA', '131', STR_TO_DATE('09/13/2002 14:25:23', '%m/%d/%Y %H:%i:%s'), 'ADMIN', 
    'V', NULL);
Insert into ADMIN.GG_TCOMUNA
   (COD_COMUNA, NOM_COMUNA, COD_PROVIN, FEC_AUDITA, COD_USUARI, 
    IND_ESTADO, COD_NUEVO)
 Values
   ('13109', 'LA CISTERNA', '131', STR_TO_DATE('09/13/2002 14:25:23', '%m/%d/%Y %H:%i:%s'), 'ADMIN', 
    'V', NULL);
Insert into ADMIN.GG_TCOMUNA
   (COD_COMUNA, NOM_COMUNA, COD_PROVIN, FEC_AUDITA, COD_USUARI, 
    IND_ESTADO, COD_NUEVO)
 Values
   ('13110', 'LA FLORIDA', '131', STR_TO_DATE('09/13/2002 14:25:23', '%m/%d/%Y %H:%i:%s'), 'ADMIN', 
    'V', NULL);
Insert into ADMIN.GG_TCOMUNA
   (COD_COMUNA, NOM_COMUNA, COD_PROVIN, FEC_AUDITA, COD_USUARI, 
    IND_ESTADO, COD_NUEVO)
 Values
   ('13111', 'LA GRANJA', '131', STR_TO_DATE('09/13/2002 14:25:23', '%m/%d/%Y %H:%i:%s'), 'ADMIN', 
    'V', NULL);
Insert into ADMIN.GG_TCOMUNA
   (COD_COMUNA, NOM_COMUNA, COD_PROVIN, FEC_AUDITA, COD_USUARI, 
    IND_ESTADO, COD_NUEVO)
 Values
   ('13112', 'LA PINTANA', '131', STR_TO_DATE('09/13/2002 14:25:23', '%m/%d/%Y %H:%i:%s'), 'ADMIN', 
    'V', NULL);
Insert into ADMIN.GG_TCOMUNA
   (COD_COMUNA, NOM_COMUNA, COD_PROVIN, FEC_AUDITA, COD_USUARI, 
    IND_ESTADO, COD_NUEVO)
 Values
   ('13113', 'LA REINA', '131', STR_TO_DATE('09/13/2002 14:25:23', '%m/%d/%Y %H:%i:%s'), 'ADMIN', 
    'V', NULL);
Insert into ADMIN.GG_TCOMUNA
   (COD_COMUNA, NOM_COMUNA, COD_PROVIN, FEC_AUDITA, COD_USUARI, 
    IND_ESTADO, COD_NUEVO)
 Values
   ('13114', 'LAS CONDES', '131', STR_TO_DATE('09/13/2002 14:25:23', '%m/%d/%Y %H:%i:%s'), 'ADMIN', 
    'V', NULL);
Insert into ADMIN.GG_TCOMUNA
   (COD_COMUNA, NOM_COMUNA, COD_PROVIN, FEC_AUDITA, COD_USUARI, 
    IND_ESTADO, COD_NUEVO)
 Values
   ('13115', 'LO BARNECHEA', '131', STR_TO_DATE('09/13/2002 14:25:23', '%m/%d/%Y %H:%i:%s'), 'ADMIN', 
    'V', NULL);
Insert into ADMIN.GG_TCOMUNA
   (COD_COMUNA, NOM_COMUNA, COD_PROVIN, FEC_AUDITA, COD_USUARI, 
    IND_ESTADO, COD_NUEVO)
 Values
   ('13116', 'LO ESPEJO', '131', STR_TO_DATE('09/13/2002 14:25:23', '%m/%d/%Y %H:%i:%s'), 'ADMIN', 
    'V', NULL);
Insert into ADMIN.GG_TCOMUNA
   (COD_COMUNA, NOM_COMUNA, COD_PROVIN, FEC_AUDITA, COD_USUARI, 
    IND_ESTADO, COD_NUEVO)
 Values
   ('13117', 'LO PRADO', '131', STR_TO_DATE('09/13/2002 14:25:23', '%m/%d/%Y %H:%i:%s'), 'ADMIN', 
    'V', NULL);
Insert into ADMIN.GG_TCOMUNA
   (COD_COMUNA, NOM_COMUNA, COD_PROVIN, FEC_AUDITA, COD_USUARI, 
    IND_ESTADO, COD_NUEVO)
 Values
   ('13118', 'MACUL', '131', STR_TO_DATE('09/13/2002 14:25:23', '%m/%d/%Y %H:%i:%s'), 'ADMIN', 
    'V', NULL);
Insert into ADMIN.GG_TCOMUNA
   (COD_COMUNA, NOM_COMUNA, COD_PROVIN, FEC_AUDITA, COD_USUARI, 
    IND_ESTADO, COD_NUEVO)
 Values
   ('13119', 'MAIPU', '131', STR_TO_DATE('09/13/2002 14:25:23', '%m/%d/%Y %H:%i:%s'), 'ADMIN', 
    'V', NULL);
Insert into ADMIN.GG_TCOMUNA
   (COD_COMUNA, NOM_COMUNA, COD_PROVIN, FEC_AUDITA, COD_USUARI, 
    IND_ESTADO, COD_NUEVO)
 Values
   ('13120', 'ÑUÑOA', '131', STR_TO_DATE('09/13/2002 14:25:23', '%m/%d/%Y %H:%i:%s'), 'ADMIN', 
    'V', NULL);
Insert into ADMIN.GG_TCOMUNA
   (COD_COMUNA, NOM_COMUNA, COD_PROVIN, FEC_AUDITA, COD_USUARI, 
    IND_ESTADO, COD_NUEVO)
 Values
   ('13121', 'PEDRO AGUIRRE CERDA', '131', STR_TO_DATE('09/13/2002 14:25:23', '%m/%d/%Y %H:%i:%s'), 'ADMIN', 
    'V', NULL);
Insert into ADMIN.GG_TCOMUNA
   (COD_COMUNA, NOM_COMUNA, COD_PROVIN, FEC_AUDITA, COD_USUARI, 
    IND_ESTADO, COD_NUEVO)
 Values
   ('13122', 'PEÑALOLEN', '131', STR_TO_DATE('09/13/2002 14:25:23', '%m/%d/%Y %H:%i:%s'), 'ADMIN', 
    'V', NULL);
Insert into ADMIN.GG_TCOMUNA
   (COD_COMUNA, NOM_COMUNA, COD_PROVIN, FEC_AUDITA, COD_USUARI, 
    IND_ESTADO, COD_NUEVO)
 Values
   ('13123', 'PROVIDENCIA', '131', STR_TO_DATE('09/13/2002 14:25:23', '%m/%d/%Y %H:%i:%s'), 'ADMIN', 
    'V', NULL);
Insert into ADMIN.GG_TCOMUNA
   (COD_COMUNA, NOM_COMUNA, COD_PROVIN, FEC_AUDITA, COD_USUARI, 
    IND_ESTADO, COD_NUEVO)
 Values
   ('13124', 'PUDAHUEL', '131', STR_TO_DATE('09/13/2002 14:25:23', '%m/%d/%Y %H:%i:%s'), 'ADMIN', 
    'V', NULL);
Insert into ADMIN.GG_TCOMUNA
   (COD_COMUNA, NOM_COMUNA, COD_PROVIN, FEC_AUDITA, COD_USUARI, 
    IND_ESTADO, COD_NUEVO)
 Values
   ('13125', 'QUILICURA', '131', STR_TO_DATE('09/13/2002 14:25:23', '%m/%d/%Y %H:%i:%s'), 'ADMIN', 
    'V', NULL);
Insert into ADMIN.GG_TCOMUNA
   (COD_COMUNA, NOM_COMUNA, COD_PROVIN, FEC_AUDITA, COD_USUARI, 
    IND_ESTADO, COD_NUEVO)
 Values
   ('13126', 'QUINTA NORMAL', '131', STR_TO_DATE('09/13/2002 14:25:23', '%m/%d/%Y %H:%i:%s'), 'ADMIN', 
    'V', NULL);
Insert into ADMIN.GG_TCOMUNA
   (COD_COMUNA, NOM_COMUNA, COD_PROVIN, FEC_AUDITA, COD_USUARI, 
    IND_ESTADO, COD_NUEVO)
 Values
   ('13127', 'RECOLETA', '131', STR_TO_DATE('09/13/2002 14:25:23', '%m/%d/%Y %H:%i:%s'), 'ADMIN', 
    'V', NULL);
Insert into ADMIN.GG_TCOMUNA
   (COD_COMUNA, NOM_COMUNA, COD_PROVIN, FEC_AUDITA, COD_USUARI, 
    IND_ESTADO, COD_NUEVO)
 Values
   ('13128', 'RENCA', '131', STR_TO_DATE('09/13/2002 14:25:23', '%m/%d/%Y %H:%i:%s'), 'ADMIN', 
    'V', NULL);
Insert into ADMIN.GG_TCOMUNA
   (COD_COMUNA, NOM_COMUNA, COD_PROVIN, FEC_AUDITA, COD_USUARI, 
    IND_ESTADO, COD_NUEVO)
 Values
   ('13129', 'SAN JOAQUIN', '131', STR_TO_DATE('09/13/2002 14:25:23', '%m/%d/%Y %H:%i:%s'), 'ADMIN', 
    'V', NULL);
Insert into ADMIN.GG_TCOMUNA
   (COD_COMUNA, NOM_COMUNA, COD_PROVIN, FEC_AUDITA, COD_USUARI, 
    IND_ESTADO, COD_NUEVO)
 Values
   ('13130', 'SAN MIGUEL', '131', STR_TO_DATE('09/13/2002 14:25:23', '%m/%d/%Y %H:%i:%s'), 'ADMIN', 
    'V', NULL);
Insert into ADMIN.GG_TCOMUNA
   (COD_COMUNA, NOM_COMUNA, COD_PROVIN, FEC_AUDITA, COD_USUARI, 
    IND_ESTADO, COD_NUEVO)
 Values
   ('13131', 'SAN RAMON', '131', STR_TO_DATE('09/13/2002 14:25:23', '%m/%d/%Y %H:%i:%s'), 'ADMIN', 
    'V', NULL);
Insert into ADMIN.GG_TCOMUNA
   (COD_COMUNA, NOM_COMUNA, COD_PROVIN, FEC_AUDITA, COD_USUARI, 
    IND_ESTADO, COD_NUEVO)
 Values
   ('13132', 'VITACURA', '131', STR_TO_DATE('09/13/2002 14:25:23', '%m/%d/%Y %H:%i:%s'), 'ADMIN', 
    'V', NULL);
Insert into ADMIN.GG_TCOMUNA
   (COD_COMUNA, NOM_COMUNA, COD_PROVIN, FEC_AUDITA, COD_USUARI, 
    IND_ESTADO, COD_NUEVO)
 Values
   ('13201', 'PUENTE ALTO', '132', STR_TO_DATE('09/13/2002 14:25:23', '%m/%d/%Y %H:%i:%s'), 'ADMIN', 
    'V', NULL);
Insert into ADMIN.GG_TCOMUNA
   (COD_COMUNA, NOM_COMUNA, COD_PROVIN, FEC_AUDITA, COD_USUARI, 
    IND_ESTADO, COD_NUEVO)
 Values
   ('13202', 'PIRQUE', '132', STR_TO_DATE('09/13/2002 14:25:23', '%m/%d/%Y %H:%i:%s'), 'ADMIN', 
    'V', NULL);
Insert into ADMIN.GG_TCOMUNA
   (COD_COMUNA, NOM_COMUNA, COD_PROVIN, FEC_AUDITA, COD_USUARI, 
    IND_ESTADO, COD_NUEVO)
 Values
   ('13203', 'SAN JOSE DE MAIPO', '132', STR_TO_DATE('09/13/2002 14:25:23', '%m/%d/%Y %H:%i:%s'), 'ADMIN', 
    'V', NULL);
Insert into ADMIN.GG_TCOMUNA
   (COD_COMUNA, NOM_COMUNA, COD_PROVIN, FEC_AUDITA, COD_USUARI, 
    IND_ESTADO, COD_NUEVO)
 Values
   ('13301', 'COLINA', '133', STR_TO_DATE('09/13/2002 14:25:23', '%m/%d/%Y %H:%i:%s'), 'ADMIN', 
    'V', NULL);
Insert into ADMIN.GG_TCOMUNA
   (COD_COMUNA, NOM_COMUNA, COD_PROVIN, FEC_AUDITA, COD_USUARI, 
    IND_ESTADO, COD_NUEVO)
 Values
   ('13302', 'LAMPA', '133', STR_TO_DATE('09/13/2002 14:25:23', '%m/%d/%Y %H:%i:%s'), 'ADMIN', 
    'V', NULL);
Insert into ADMIN.GG_TCOMUNA
   (COD_COMUNA, NOM_COMUNA, COD_PROVIN, FEC_AUDITA, COD_USUARI, 
    IND_ESTADO, COD_NUEVO)
 Values
   ('13303', 'TILTIL', '133', STR_TO_DATE('09/13/2002 14:25:23', '%m/%d/%Y %H:%i:%s'), 'ADMIN', 
    'V', NULL);
Insert into ADMIN.GG_TCOMUNA
   (COD_COMUNA, NOM_COMUNA, COD_PROVIN, FEC_AUDITA, COD_USUARI, 
    IND_ESTADO, COD_NUEVO)
 Values
   ('13401', 'SAN BERNARDO', '134', STR_TO_DATE('09/13/2002 14:25:23', '%m/%d/%Y %H:%i:%s'), 'ADMIN', 
    'V', NULL);
Insert into ADMIN.GG_TCOMUNA
   (COD_COMUNA, NOM_COMUNA, COD_PROVIN, FEC_AUDITA, COD_USUARI, 
    IND_ESTADO, COD_NUEVO)
 Values
   ('13402', 'BUIN', '134', STR_TO_DATE('09/13/2002 14:25:23', '%m/%d/%Y %H:%i:%s'), 'ADMIN', 
    'V', NULL);
Insert into ADMIN.GG_TCOMUNA
   (COD_COMUNA, NOM_COMUNA, COD_PROVIN, FEC_AUDITA, COD_USUARI, 
    IND_ESTADO, COD_NUEVO)
 Values
   ('13403', 'CALERA DE TANGO', '134', STR_TO_DATE('09/13/2002 14:25:23', '%m/%d/%Y %H:%i:%s'), 'ADMIN', 
    'V', NULL);
Insert into ADMIN.GG_TCOMUNA
   (COD_COMUNA, NOM_COMUNA, COD_PROVIN, FEC_AUDITA, COD_USUARI, 
    IND_ESTADO, COD_NUEVO)
 Values
   ('13404', 'PAINE', '134', STR_TO_DATE('09/13/2002 14:25:23', '%m/%d/%Y %H:%i:%s'), 'ADMIN', 
    'V', NULL);
Insert into ADMIN.GG_TCOMUNA
   (COD_COMUNA, NOM_COMUNA, COD_PROVIN, FEC_AUDITA, COD_USUARI, 
    IND_ESTADO, COD_NUEVO)
 Values
   ('13501', 'MELIPILLA', '135', STR_TO_DATE('09/13/2002 14:25:23', '%m/%d/%Y %H:%i:%s'), 'ADMIN', 
    'V', NULL);
Insert into ADMIN.GG_TCOMUNA
   (COD_COMUNA, NOM_COMUNA, COD_PROVIN, FEC_AUDITA, COD_USUARI, 
    IND_ESTADO, COD_NUEVO)
 Values
   ('13502', 'ALHUE', '135', STR_TO_DATE('09/13/2002 14:25:23', '%m/%d/%Y %H:%i:%s'), 'ADMIN', 
    'V', NULL);
Insert into ADMIN.GG_TCOMUNA
   (COD_COMUNA, NOM_COMUNA, COD_PROVIN, FEC_AUDITA, COD_USUARI, 
    IND_ESTADO, COD_NUEVO)
 Values
   ('13503', 'CURACAVI', '135', STR_TO_DATE('09/13/2002 14:25:23', '%m/%d/%Y %H:%i:%s'), 'ADMIN', 
    'V', NULL);
Insert into ADMIN.GG_TCOMUNA
   (COD_COMUNA, NOM_COMUNA, COD_PROVIN, FEC_AUDITA, COD_USUARI, 
    IND_ESTADO, COD_NUEVO)
 Values
   ('13504', 'MARIA PINTO', '135', STR_TO_DATE('09/13/2002 14:25:23', '%m/%d/%Y %H:%i:%s'), 'ADMIN', 
    'V', NULL);
Insert into ADMIN.GG_TCOMUNA
   (COD_COMUNA, NOM_COMUNA, COD_PROVIN, FEC_AUDITA, COD_USUARI, 
    IND_ESTADO, COD_NUEVO)
 Values
   ('13505', 'SAN PEDRO', '135', STR_TO_DATE('09/13/2002 14:25:23', '%m/%d/%Y %H:%i:%s'), 'ADMIN', 
    'V', NULL);
Insert into ADMIN.GG_TCOMUNA
   (COD_COMUNA, NOM_COMUNA, COD_PROVIN, FEC_AUDITA, COD_USUARI, 
    IND_ESTADO, COD_NUEVO)
 Values
   ('13601', 'TALAGANTE', '136', STR_TO_DATE('09/13/2002 14:25:23', '%m/%d/%Y %H:%i:%s'), 'ADMIN', 
    'V', NULL);
Insert into ADMIN.GG_TCOMUNA
   (COD_COMUNA, NOM_COMUNA, COD_PROVIN, FEC_AUDITA, COD_USUARI, 
    IND_ESTADO, COD_NUEVO)
 Values
   ('13602', 'EL MONTE', '136', STR_TO_DATE('09/13/2002 14:25:23', '%m/%d/%Y %H:%i:%s'), 'ADMIN', 
    'V', NULL);
Insert into ADMIN.GG_TCOMUNA
   (COD_COMUNA, NOM_COMUNA, COD_PROVIN, FEC_AUDITA, COD_USUARI, 
    IND_ESTADO, COD_NUEVO)
 Values
   ('13603', 'ISLA DE MAIPO', '136', STR_TO_DATE('09/13/2002 14:25:23', '%m/%d/%Y %H:%i:%s'), 'ADMIN', 
    'V', NULL);
Insert into ADMIN.GG_TCOMUNA
   (COD_COMUNA, NOM_COMUNA, COD_PROVIN, FEC_AUDITA, COD_USUARI, 
    IND_ESTADO, COD_NUEVO)
 Values
   ('13604', 'PADRE HURTADO', '136', STR_TO_DATE('09/13/2002 14:25:23', '%m/%d/%Y %H:%i:%s'), 'ADMIN', 
    'V', NULL);
Insert into ADMIN.GG_TCOMUNA
   (COD_COMUNA, NOM_COMUNA, COD_PROVIN, FEC_AUDITA, COD_USUARI, 
    IND_ESTADO, COD_NUEVO)
 Values
   ('13605', 'PEÑAFLOR', '136', STR_TO_DATE('09/13/2002 14:25:23', '%m/%d/%Y %H:%i:%s'), 'ADMIN', 
    'V', NULL);
Insert into ADMIN.GG_TCOMUNA
   (COD_COMUNA, NOM_COMUNA, COD_PROVIN, FEC_AUDITA, COD_USUARI, 
    IND_ESTADO, COD_NUEVO)
 Values
   ('99999', 'NO ESPECIFICADA', '999', STR_TO_DATE('09/13/2002 14:25:23', '%m/%d/%Y %H:%i:%s'), 'ADMIN', 
    'V', NULL);

CREATE TABLE ADMIN.GG_TGRUSAN (
  IND_GRUSAN  VARCHAR(2),
  NOM_GRUSAN  VARCHAR(7) NOT NULL,
  IND_ESTADO  VARCHAR(1) NOT NULL
);



Insert into ADMIN.GG_TGRUSAN
   (IND_GRUSAN, NOM_GRUSAN, IND_ESTADO)
 Values
   ('NS', 'NO SABE', 'V');
Insert into ADMIN.GG_TGRUSAN
   (IND_GRUSAN, NOM_GRUSAN, IND_ESTADO)
 Values
   ('A', 'A', 'V');
Insert into ADMIN.GG_TGRUSAN
   (IND_GRUSAN, NOM_GRUSAN, IND_ESTADO)
 Values
   ('B', 'B', 'V');
Insert into ADMIN.GG_TGRUSAN
   (IND_GRUSAN, NOM_GRUSAN, IND_ESTADO)
 Values
   ('AB', 'AB', 'V');
Insert into ADMIN.GG_TGRUSAN
   (IND_GRUSAN, NOM_GRUSAN, IND_ESTADO)
 Values
   ('O', 'O', 'V');


CREATE TABLE ADMIN.GG_TFACSAN (
  IND_FACSAN  VARCHAR(2),
  NOM_FACSAN  VARCHAR(7) NOT NULL,
  IND_ESTADO  VARCHAR(1) NOT NULL
);

Insert into ADMIN.GG_TFACSAN (IND_FACSAN, NOM_FACSAN, IND_ESTADO) Values ('NS', 'NO SABE', 'V');
Insert into ADMIN.GG_TFACSAN (IND_FACSAN, NOM_FACSAN, IND_ESTADO) Values ('1', 'RH(+)', 'V');
Insert into ADMIN.GG_TFACSAN (IND_FACSAN, NOM_FACSAN, IND_ESTADO) Values ('0', 'RH(-)', 'V');


CREATE TABLE ADMIN.GG_TDATPREV (
  IND_PREVIS     VARCHAR(4),
  NOM_PREVIS     VARCHAR(20),
  NUM_PORCE      INT(3),
  IND_ESTADO     VARCHAR(1),
  COD_USUARI     VARCHAR(60),
  FEC_AUDITA     DATE,
  COD_RUTINS     INT(11),
  NOM_PREVISION  VARCHAR(12),
  IND_PREVISION  VARCHAR(1),
  IND_TIPCONT    VARCHAR(4),
  FAC_MEDIC      INT(12),
  COD_EMPRESA    VARCHAR(5),
  COD_IFLPREVIS  VARCHAR(1),
  COD_PREVISION  VARCHAR(3),
  IND_CODN820    VARCHAR(2)
);

Insert into ADMIN.GG_TDATPREV
   (IND_PREVIS, NOM_PREVIS, NUM_PORCE, IND_ESTADO, COD_USUARI, 
    FEC_AUDITA, COD_RUTINS, NOM_PREVISION, IND_PREVISION, IND_TIPCONT, 
    FAC_MEDIC, COD_EMPRESA, COD_IFLPREVIS, COD_PREVISION, IND_CODN820)
 Values
   ('SP', 'SIN PREVISION', 0, 'V', 'ADMIN', 
    STR_TO_DATE('04/29/2003 00:00:00', '%m/%d/%Y %H:%i:%s'), 61603000, 'NO DEFINIDO', NULL, NULL, 
    0, '100', '0', NULL, '96');
Insert into ADMIN.GG_TDATPREV
   (IND_PREVIS, NOM_PREVIS, NUM_PORCE, IND_ESTADO, COD_USUARI, 
    FEC_AUDITA, COD_RUTINS, NOM_PREVISION, IND_PREVISION, IND_TIPCONT, 
    FAC_MEDIC, COD_EMPRESA, COD_IFLPREVIS, COD_PREVISION, IND_CODN820)
 Values
   ('E', 'DESCONOCIDO', 0, 'V', 'ADMIN', 
    STR_TO_DATE('04/10/2018 16:04:33', '%m/%d/%Y %H:%i:%s'), NULL, 'DESCONOCIDO', NULL, NULL, 
    NULL, '100', NULL, NULL, '99');
Insert into ADMIN.GG_TDATPREV
   (IND_PREVIS, NOM_PREVIS, NUM_PORCE, IND_ESTADO, COD_USUARI, 
    FEC_AUDITA, COD_RUTINS, NOM_PREVISION, IND_PREVISION, IND_TIPCONT, 
    FAC_MEDIC, COD_EMPRESA, COD_IFLPREVIS, COD_PREVISION, IND_CODN820)
 Values
   ('M', 'SISA', 100, 'V', 'ADMIN', 
    STR_TO_DATE('04/10/2018 16:07:47', '%m/%d/%Y %H:%i:%s'), NULL, 'SISA', NULL, NULL, 
    NULL, '100', NULL, NULL, '05');
Insert into ADMIN.GG_TDATPREV
   (IND_PREVIS, NOM_PREVIS, NUM_PORCE, IND_ESTADO, COD_USUARI, 
    FEC_AUDITA, COD_RUTINS, NOM_PREVISION, IND_PREVISION, IND_TIPCONT, 
    FAC_MEDIC, COD_EMPRESA, COD_IFLPREVIS, COD_PREVISION, IND_CODN820)
 Values
   ('A', 'BENEFICIARIO A', 0, 'V', 'ADMIN', 
    STR_TO_DATE('09/14/2002 06:31:02', '%m/%d/%Y %H:%i:%s'), 61603000, 'LEY 18469', 'A', '04', 
    0, '100', '1', 'GA', '01');
Insert into ADMIN.GG_TDATPREV
   (IND_PREVIS, NOM_PREVIS, NUM_PORCE, IND_ESTADO, COD_USUARI, 
    FEC_AUDITA, COD_RUTINS, NOM_PREVISION, IND_PREVISION, IND_TIPCONT, 
    FAC_MEDIC, COD_EMPRESA, COD_IFLPREVIS, COD_PREVISION, IND_CODN820)
 Values
   ('B', 'BENEFICIARIO B', 0, 'V', 'ADMIN', 
    STR_TO_DATE('09/14/2002 06:31:02', '%m/%d/%Y %H:%i:%s'), 61603000, 'LEY 18469', 'B', '04', 
    0, '100', '2', 'GB', '01');
Insert into ADMIN.GG_TDATPREV
   (IND_PREVIS, NOM_PREVIS, NUM_PORCE, IND_ESTADO, COD_USUARI, 
    FEC_AUDITA, COD_RUTINS, NOM_PREVISION, IND_PREVISION, IND_TIPCONT, 
    FAC_MEDIC, COD_EMPRESA, COD_IFLPREVIS, COD_PREVISION, IND_CODN820)
 Values
   ('C', 'BENEFICIARIO C', 10, 'V', 'ADMIN', 
    STR_TO_DATE('09/14/2002 06:31:02', '%m/%d/%Y %H:%i:%s'), 61603000, 'LEY 18469', 'C', '04', 
    0.4, '100', '3', 'GC', '01');
Insert into ADMIN.GG_TDATPREV
   (IND_PREVIS, NOM_PREVIS, NUM_PORCE, IND_ESTADO, COD_USUARI, 
    FEC_AUDITA, COD_RUTINS, NOM_PREVISION, IND_PREVISION, IND_TIPCONT, 
    FAC_MEDIC, COD_EMPRESA, COD_IFLPREVIS, COD_PREVISION, IND_CODN820)
 Values
   ('D', 'BENEFICIARIO D', 20, 'V', 'ADMIN', 
    STR_TO_DATE('09/14/2002 06:31:02', '%m/%d/%Y %H:%i:%s'), 61603000, 'LEY 18469', 'D', '04', 
    0.65, '100', '4', 'GD', '01');
Insert into ADMIN.GG_TDATPREV
   (IND_PREVIS, NOM_PREVIS, NUM_PORCE, IND_ESTADO, COD_USUARI, 
    FEC_AUDITA, COD_RUTINS, NOM_PREVISION, IND_PREVISION, IND_TIPCONT, 
    FAC_MEDIC, COD_EMPRESA, COD_IFLPREVIS, COD_PREVISION, IND_CODN820)
 Values
   ('O', 'CONVENIADO', 100, 'V', 'ADMIN', 
    STR_TO_DATE('09/14/2002 06:31:02', '%m/%d/%Y %H:%i:%s'), NULL, 'OTROS', 'O', '02', 
    1, '100', '5', NULL, '99');
Insert into ADMIN.GG_TDATPREV
   (IND_PREVIS, NOM_PREVIS, NUM_PORCE, IND_ESTADO, COD_USUARI, 
    FEC_AUDITA, COD_RUTINS, NOM_PREVISION, IND_PREVISION, IND_TIPCONT, 
    FAC_MEDIC, COD_EMPRESA, COD_IFLPREVIS, COD_PREVISION, IND_CODN820)
 Values
   ('R', 'PRAIS', 0, 'V', 'ADMIN', 
    STR_TO_DATE('09/14/2002 06:31:02', '%m/%d/%Y %H:%i:%s'), NULL, 'PRAIS', 'R', '04', 
    0, '100', '5', NULL, '99');
Insert into ADMIN.GG_TDATPREV
   (IND_PREVIS, NOM_PREVIS, NUM_PORCE, IND_ESTADO, COD_USUARI, 
    FEC_AUDITA, COD_RUTINS, NOM_PREVISION, IND_PREVISION, IND_TIPCONT, 
    FAC_MEDIC, COD_EMPRESA, COD_IFLPREVIS, COD_PREVISION, IND_CODN820)
 Values
   ('I', 'ISAPRE', 100, 'V', 'ADMIN', 
    STR_TO_DATE('09/14/2002 06:31:02', '%m/%d/%Y %H:%i:%s'), NULL, 'ISAPRE', 'I', '01', 
    1, '100', '5', NULL, '02');
Insert into ADMIN.GG_TDATPREV
   (IND_PREVIS, NOM_PREVIS, NUM_PORCE, IND_ESTADO, COD_USUARI, 
    FEC_AUDITA, COD_RUTINS, NOM_PREVISION, IND_PREVISION, IND_TIPCONT, 
    FAC_MEDIC, COD_EMPRESA, COD_IFLPREVIS, COD_PREVISION, IND_CODN820)
 Values
   ('P', 'PARTICULAR', 100, 'V', 'ADMIN', 
    STR_TO_DATE('09/14/2002 06:31:02', '%m/%d/%Y %H:%i:%s'), NULL, 'PARTICULAR', 'P', '07', 
    1, '100', '5', NULL, '99');
Insert into ADMIN.GG_TDATPREV
   (IND_PREVIS, NOM_PREVIS, NUM_PORCE, IND_ESTADO, COD_USUARI, 
    FEC_AUDITA, COD_RUTINS, NOM_PREVISION, IND_PREVISION, IND_TIPCONT, 
    FAC_MEDIC, COD_EMPRESA, COD_IFLPREVIS, COD_PREVISION, IND_CODN820)
 Values
   ('V', 'VERIFICAR', 0, 'E', 'ADMIN', 
    STR_TO_DATE('09/14/2002 06:31:02', '%m/%d/%Y %H:%i:%s'), NULL, 'OTROS', NULL, NULL, 
    0, '100', '5', NULL, '99');
Insert into ADMIN.GG_TDATPREV
   (IND_PREVIS, NOM_PREVIS, NUM_PORCE, IND_ESTADO, COD_USUARI, 
    FEC_AUDITA, COD_RUTINS, NOM_PREVISION, IND_PREVISION, IND_TIPCONT, 
    FAC_MEDIC, COD_EMPRESA, COD_IFLPREVIS, COD_PREVISION, IND_CODN820)
 Values
   ('U', 'PUENTE', 0, 'V', 'ADMIN', 
    STR_TO_DATE('09/14/2002 06:31:02', '%m/%d/%Y %H:%i:%s'), NULL, 'PUENTE', NULL, '04', 
    0, '100', '5', NULL, '99');
Insert into ADMIN.GG_TDATPREV
   (IND_PREVIS, NOM_PREVIS, NUM_PORCE, IND_ESTADO, COD_USUARI, 
    FEC_AUDITA, COD_RUTINS, NOM_PREVISION, IND_PREVISION, IND_TIPCONT, 
    FAC_MEDIC, COD_EMPRESA, COD_IFLPREVIS, COD_PREVISION, IND_CODN820)
 Values
   ('F', 'CAPREDENA', 100, 'V', 'ADMIN', 
    STR_TO_DATE('01/12/2016 00:00:00', '%m/%d/%Y %H:%i:%s'), 61108000, 'CAPREDENA', 'F', NULL, 
    NULL, '100', NULL, NULL, '03');
Insert into ADMIN.GG_TDATPREV
   (IND_PREVIS, NOM_PREVIS, NUM_PORCE, IND_ESTADO, COD_USUARI, 
    FEC_AUDITA, COD_RUTINS, NOM_PREVISION, IND_PREVISION, IND_TIPCONT, 
    FAC_MEDIC, COD_EMPRESA, COD_IFLPREVIS, COD_PREVISION, IND_CODN820)
 Values
   ('G', 'DIPRECA', 100, 'V', 'ADMIN', 
    STR_TO_DATE('01/12/2016 00:00:00', '%m/%d/%Y %H:%i:%s'), 61513000, 'DIPRECA', 'G', NULL, 
    NULL, '100', NULL, NULL, '04');
COMMIT;


CREATE TABLE ADMIN.GG_TPROVIN (
  COD_PROVIN  VARCHAR(4 ),
  NOM_PROVIN  VARCHAR(30 ),
  COD_REGION  VARCHAR(3 ),
  COD_USUARI  VARCHAR(60 ),
  FEC_AUDITA  DATE,
  IND_ESTADO  VARCHAR(1 )
);


Insert into ADMIN.GG_TPROVIN
   (COD_PROVIN, NOM_PROVIN, COD_REGION, COD_USUARI, FEC_AUDITA, 
    IND_ESTADO)
 Values
   ('011', 'IQUIQUE', '01', 'ADMIN', STR_TO_DATE('09/13/2002 12:52:08', '%m/%d/%Y %H:%i:%s'), 
    'V');
Insert into ADMIN.GG_TPROVIN
   (COD_PROVIN, NOM_PROVIN, COD_REGION, COD_USUARI, FEC_AUDITA, 
    IND_ESTADO)
 Values
   ('012', 'ARICA', '01', 'ADMIN', STR_TO_DATE('09/13/2002 12:52:08', '%m/%d/%Y %H:%i:%s'), 
    'V');
Insert into ADMIN.GG_TPROVIN
   (COD_PROVIN, NOM_PROVIN, COD_REGION, COD_USUARI, FEC_AUDITA, 
    IND_ESTADO)
 Values
   ('013', 'PARINACOTA', '01', 'ADMIN', STR_TO_DATE('09/13/2002 12:52:08', '%m/%d/%Y %H:%i:%s'), 
    'V');
Insert into ADMIN.GG_TPROVIN
   (COD_PROVIN, NOM_PROVIN, COD_REGION, COD_USUARI, FEC_AUDITA, 
    IND_ESTADO)
 Values
   ('021', 'ANTOFAGASTA', '02', 'ADMIN', STR_TO_DATE('09/13/2002 12:52:08', '%m/%d/%Y %H:%i:%s'), 
    'V');
Insert into ADMIN.GG_TPROVIN
   (COD_PROVIN, NOM_PROVIN, COD_REGION, COD_USUARI, FEC_AUDITA, 
    IND_ESTADO)
 Values
   ('022', 'EL LOA', '02', 'ADMIN', STR_TO_DATE('09/13/2002 12:52:08', '%m/%d/%Y %H:%i:%s'), 
    'V');
Insert into ADMIN.GG_TPROVIN
   (COD_PROVIN, NOM_PROVIN, COD_REGION, COD_USUARI, FEC_AUDITA, 
    IND_ESTADO)
 Values
   ('023', 'TOCOPILLA', '02', 'ADMIN', STR_TO_DATE('09/13/2002 12:52:08', '%m/%d/%Y %H:%i:%s'), 
    'V');
Insert into ADMIN.GG_TPROVIN
   (COD_PROVIN, NOM_PROVIN, COD_REGION, COD_USUARI, FEC_AUDITA, 
    IND_ESTADO)
 Values
   ('031', 'COPIAPO', '03', 'ADMIN', STR_TO_DATE('09/13/2002 12:52:08', '%m/%d/%Y %H:%i:%s'), 
    'V');
Insert into ADMIN.GG_TPROVIN
   (COD_PROVIN, NOM_PROVIN, COD_REGION, COD_USUARI, FEC_AUDITA, 
    IND_ESTADO)
 Values
   ('032', 'CHAÑARAL', '03', 'ADMIN', STR_TO_DATE('09/13/2002 12:52:08', '%m/%d/%Y %H:%i:%s'), 
    'V');
Insert into ADMIN.GG_TPROVIN
   (COD_PROVIN, NOM_PROVIN, COD_REGION, COD_USUARI, FEC_AUDITA, 
    IND_ESTADO)
 Values
   ('033', 'HUASCO', '03', 'ADMIN', STR_TO_DATE('09/13/2002 12:52:08', '%m/%d/%Y %H:%i:%s'), 
    'V');
Insert into ADMIN.GG_TPROVIN
   (COD_PROVIN, NOM_PROVIN, COD_REGION, COD_USUARI, FEC_AUDITA, 
    IND_ESTADO)
 Values
   ('041', 'ELQUI', '04', 'ADMIN', STR_TO_DATE('09/13/2002 12:52:08', '%m/%d/%Y %H:%i:%s'), 
    'V');
Insert into ADMIN.GG_TPROVIN
   (COD_PROVIN, NOM_PROVIN, COD_REGION, COD_USUARI, FEC_AUDITA, 
    IND_ESTADO)
 Values
   ('042', 'CHOAPA', '04', 'ADMIN', STR_TO_DATE('09/13/2002 12:52:08', '%m/%d/%Y %H:%i:%s'), 
    'V');
Insert into ADMIN.GG_TPROVIN
   (COD_PROVIN, NOM_PROVIN, COD_REGION, COD_USUARI, FEC_AUDITA, 
    IND_ESTADO)
 Values
   ('043', 'LIMARI', '04', 'ADMIN', STR_TO_DATE('09/13/2002 12:52:08', '%m/%d/%Y %H:%i:%s'), 
    'V');
Insert into ADMIN.GG_TPROVIN
   (COD_PROVIN, NOM_PROVIN, COD_REGION, COD_USUARI, FEC_AUDITA, 
    IND_ESTADO)
 Values
   ('051', 'VALPARAISO', '05', 'ADMIN', STR_TO_DATE('09/13/2002 12:52:08', '%m/%d/%Y %H:%i:%s'), 
    'V');
Insert into ADMIN.GG_TPROVIN
   (COD_PROVIN, NOM_PROVIN, COD_REGION, COD_USUARI, FEC_AUDITA, 
    IND_ESTADO)
 Values
   ('052', 'ISLA DE PASCUA', '05', 'ADMIN', STR_TO_DATE('09/13/2002 12:52:08', '%m/%d/%Y %H:%i:%s'), 
    'V');
Insert into ADMIN.GG_TPROVIN
   (COD_PROVIN, NOM_PROVIN, COD_REGION, COD_USUARI, FEC_AUDITA, 
    IND_ESTADO)
 Values
   ('053', 'LOS ANDES', '05', 'ADMIN', STR_TO_DATE('09/13/2002 12:52:08', '%m/%d/%Y %H:%i:%s'), 
    'V');
Insert into ADMIN.GG_TPROVIN
   (COD_PROVIN, NOM_PROVIN, COD_REGION, COD_USUARI, FEC_AUDITA, 
    IND_ESTADO)
 Values
   ('054', 'PETORCA', '05', 'ADMIN', STR_TO_DATE('09/13/2002 12:52:08', '%m/%d/%Y %H:%i:%s'), 
    'V');
Insert into ADMIN.GG_TPROVIN
   (COD_PROVIN, NOM_PROVIN, COD_REGION, COD_USUARI, FEC_AUDITA, 
    IND_ESTADO)
 Values
   ('055', 'QUILLOTA', '05', 'ADMIN', STR_TO_DATE('09/13/2002 12:52:08', '%m/%d/%Y %H:%i:%s'), 
    'V');
Insert into ADMIN.GG_TPROVIN
   (COD_PROVIN, NOM_PROVIN, COD_REGION, COD_USUARI, FEC_AUDITA, 
    IND_ESTADO)
 Values
   ('056', 'SAN ANTONIO', '05', 'ADMIN', STR_TO_DATE('09/13/2002 12:52:08', '%m/%d/%Y %H:%i:%s'), 
    'V');
Insert into ADMIN.GG_TPROVIN
   (COD_PROVIN, NOM_PROVIN, COD_REGION, COD_USUARI, FEC_AUDITA, 
    IND_ESTADO)
 Values
   ('057', 'SAN FELIPE DE ACONCA', '05', 'ADMIN', STR_TO_DATE('09/13/2002 12:52:08', '%m/%d/%Y %H:%i:%s'), 
    'V');
Insert into ADMIN.GG_TPROVIN
   (COD_PROVIN, NOM_PROVIN, COD_REGION, COD_USUARI, FEC_AUDITA, 
    IND_ESTADO)
 Values
   ('061', 'CACHAPOAL', '06', 'ADMIN', STR_TO_DATE('09/13/2002 12:52:08', '%m/%d/%Y %H:%i:%s'), 
    'V');
Insert into ADMIN.GG_TPROVIN
   (COD_PROVIN, NOM_PROVIN, COD_REGION, COD_USUARI, FEC_AUDITA, 
    IND_ESTADO)
 Values
   ('062', 'CARDENAL CARO', '06', 'ADMIN', STR_TO_DATE('09/13/2002 12:52:08', '%m/%d/%Y %H:%i:%s'), 
    'V');
Insert into ADMIN.GG_TPROVIN
   (COD_PROVIN, NOM_PROVIN, COD_REGION, COD_USUARI, FEC_AUDITA, 
    IND_ESTADO)
 Values
   ('063', 'COLCHAGUA', '06', 'ADMIN', STR_TO_DATE('09/13/2002 12:52:08', '%m/%d/%Y %H:%i:%s'), 
    'V');
Insert into ADMIN.GG_TPROVIN
   (COD_PROVIN, NOM_PROVIN, COD_REGION, COD_USUARI, FEC_AUDITA, 
    IND_ESTADO)
 Values
   ('071', 'TALCA', '07', 'ADMIN', STR_TO_DATE('09/13/2002 12:52:08', '%m/%d/%Y %H:%i:%s'), 
    'V');
Insert into ADMIN.GG_TPROVIN
   (COD_PROVIN, NOM_PROVIN, COD_REGION, COD_USUARI, FEC_AUDITA, 
    IND_ESTADO)
 Values
   ('072', 'CAUQUENES', '07', 'ADMIN', STR_TO_DATE('09/13/2002 12:52:08', '%m/%d/%Y %H:%i:%s'), 
    'V');
Insert into ADMIN.GG_TPROVIN
   (COD_PROVIN, NOM_PROVIN, COD_REGION, COD_USUARI, FEC_AUDITA, 
    IND_ESTADO)
 Values
   ('073', 'CURICO', '07', 'ADMIN', STR_TO_DATE('09/13/2002 12:52:08', '%m/%d/%Y %H:%i:%s'), 
    'V');
Insert into ADMIN.GG_TPROVIN
   (COD_PROVIN, NOM_PROVIN, COD_REGION, COD_USUARI, FEC_AUDITA, 
    IND_ESTADO)
 Values
   ('074', 'LINARES', '07', 'ADMIN', STR_TO_DATE('09/13/2002 12:52:08', '%m/%d/%Y %H:%i:%s'), 
    'V');
Insert into ADMIN.GG_TPROVIN
   (COD_PROVIN, NOM_PROVIN, COD_REGION, COD_USUARI, FEC_AUDITA, 
    IND_ESTADO)
 Values
   ('081', 'CONCEPCION', '08', 'ADMIN', STR_TO_DATE('09/13/2002 12:52:08', '%m/%d/%Y %H:%i:%s'), 
    'V');
Insert into ADMIN.GG_TPROVIN
   (COD_PROVIN, NOM_PROVIN, COD_REGION, COD_USUARI, FEC_AUDITA, 
    IND_ESTADO)
 Values
   ('082', 'ARAUCO', '08', 'ADMIN', STR_TO_DATE('09/13/2002 12:52:08', '%m/%d/%Y %H:%i:%s'), 
    'V');
Insert into ADMIN.GG_TPROVIN
   (COD_PROVIN, NOM_PROVIN, COD_REGION, COD_USUARI, FEC_AUDITA, 
    IND_ESTADO)
 Values
   ('083', 'BIO-BIO', '08', 'ADMIN', STR_TO_DATE('09/13/2002 12:52:08', '%m/%d/%Y %H:%i:%s'), 
    'V');
Insert into ADMIN.GG_TPROVIN
   (COD_PROVIN, NOM_PROVIN, COD_REGION, COD_USUARI, FEC_AUDITA, 
    IND_ESTADO)
 Values
   ('084', 'ÑUBLE', '08', 'ADMIN', STR_TO_DATE('09/13/2002 12:52:08', '%m/%d/%Y %H:%i:%s'), 
    'V');
Insert into ADMIN.GG_TPROVIN
   (COD_PROVIN, NOM_PROVIN, COD_REGION, COD_USUARI, FEC_AUDITA, 
    IND_ESTADO)
 Values
   ('091', 'CAUTIN', '09', 'ADMIN', STR_TO_DATE('09/13/2002 12:52:08', '%m/%d/%Y %H:%i:%s'), 
    'V');
Insert into ADMIN.GG_TPROVIN
   (COD_PROVIN, NOM_PROVIN, COD_REGION, COD_USUARI, FEC_AUDITA, 
    IND_ESTADO)
 Values
   ('092', 'MALLECO', '09', 'ADMIN', STR_TO_DATE('09/13/2002 12:52:08', '%m/%d/%Y %H:%i:%s'), 
    'V');
Insert into ADMIN.GG_TPROVIN
   (COD_PROVIN, NOM_PROVIN, COD_REGION, COD_USUARI, FEC_AUDITA, 
    IND_ESTADO)
 Values
   ('101', 'LLANQUIHUE', '10', 'ADMIN', STR_TO_DATE('09/13/2002 12:52:08', '%m/%d/%Y %H:%i:%s'), 
    'V');
Insert into ADMIN.GG_TPROVIN
   (COD_PROVIN, NOM_PROVIN, COD_REGION, COD_USUARI, FEC_AUDITA, 
    IND_ESTADO)
 Values
   ('102', 'CHILOE', '10', 'ADMIN', STR_TO_DATE('09/13/2002 12:52:08', '%m/%d/%Y %H:%i:%s'), 
    'V');
Insert into ADMIN.GG_TPROVIN
   (COD_PROVIN, NOM_PROVIN, COD_REGION, COD_USUARI, FEC_AUDITA, 
    IND_ESTADO)
 Values
   ('103', 'OSORNO', '10', 'ADMIN', STR_TO_DATE('09/13/2002 12:52:08', '%m/%d/%Y %H:%i:%s'), 
    'V');
Insert into ADMIN.GG_TPROVIN
   (COD_PROVIN, NOM_PROVIN, COD_REGION, COD_USUARI, FEC_AUDITA, 
    IND_ESTADO)
 Values
   ('104', 'PALENA', '10', 'ADMIN', STR_TO_DATE('09/13/2002 12:52:08', '%m/%d/%Y %H:%i:%s'), 
    'V');
Insert into ADMIN.GG_TPROVIN
   (COD_PROVIN, NOM_PROVIN, COD_REGION, COD_USUARI, FEC_AUDITA, 
    IND_ESTADO)
 Values
   ('105', 'VALDIVIA', '10', 'ADMIN', STR_TO_DATE('09/13/2002 12:52:08', '%m/%d/%Y %H:%i:%s'), 
    'V');
Insert into ADMIN.GG_TPROVIN
   (COD_PROVIN, NOM_PROVIN, COD_REGION, COD_USUARI, FEC_AUDITA, 
    IND_ESTADO)
 Values
   ('111', 'COYHAIQUE', '11', 'ADMIN', STR_TO_DATE('09/13/2002 12:52:08', '%m/%d/%Y %H:%i:%s'), 
    'V');
Insert into ADMIN.GG_TPROVIN
   (COD_PROVIN, NOM_PROVIN, COD_REGION, COD_USUARI, FEC_AUDITA, 
    IND_ESTADO)
 Values
   ('112', 'AISEN', '11', 'ADMIN', STR_TO_DATE('09/13/2002 12:52:08', '%m/%d/%Y %H:%i:%s'), 
    'V');
Insert into ADMIN.GG_TPROVIN
   (COD_PROVIN, NOM_PROVIN, COD_REGION, COD_USUARI, FEC_AUDITA, 
    IND_ESTADO)
 Values
   ('113', 'CAPITAN PRAT', '11', 'ADMIN', STR_TO_DATE('09/13/2002 12:52:08', '%m/%d/%Y %H:%i:%s'), 
    'V');
Insert into ADMIN.GG_TPROVIN
   (COD_PROVIN, NOM_PROVIN, COD_REGION, COD_USUARI, FEC_AUDITA, 
    IND_ESTADO)
 Values
   ('114', 'GENERAL CARRERA', '11', 'ADMIN', STR_TO_DATE('09/13/2002 12:52:08', '%m/%d/%Y %H:%i:%s'), 
    'V');
Insert into ADMIN.GG_TPROVIN
   (COD_PROVIN, NOM_PROVIN, COD_REGION, COD_USUARI, FEC_AUDITA, 
    IND_ESTADO)
 Values
   ('121', 'MAGALLANES', '12', 'ADMIN', STR_TO_DATE('09/13/2002 12:52:08', '%m/%d/%Y %H:%i:%s'), 
    'V');
Insert into ADMIN.GG_TPROVIN
   (COD_PROVIN, NOM_PROVIN, COD_REGION, COD_USUARI, FEC_AUDITA, 
    IND_ESTADO)
 Values
   ('122', 'ANTARTICA CHILENA', '12', 'ADMIN', STR_TO_DATE('09/13/2002 12:52:08', '%m/%d/%Y %H:%i:%s'), 
    'V');
Insert into ADMIN.GG_TPROVIN
   (COD_PROVIN, NOM_PROVIN, COD_REGION, COD_USUARI, FEC_AUDITA, 
    IND_ESTADO)
 Values
   ('123', 'TIERRA DEL FUEGO', '12', 'ADMIN', STR_TO_DATE('09/13/2002 12:52:08', '%m/%d/%Y %H:%i:%s'), 
    'V');
Insert into ADMIN.GG_TPROVIN
   (COD_PROVIN, NOM_PROVIN, COD_REGION, COD_USUARI, FEC_AUDITA, 
    IND_ESTADO)
 Values
   ('124', 'ULTIMA ESPERANZA', '12', 'ADMIN', STR_TO_DATE('09/13/2002 12:52:08', '%m/%d/%Y %H:%i:%s'), 
    'V');
Insert into ADMIN.GG_TPROVIN
   (COD_PROVIN, NOM_PROVIN, COD_REGION, COD_USUARI, FEC_AUDITA, 
    IND_ESTADO)
 Values
   ('131', 'SANTIAGO', '13', 'ADMIN', STR_TO_DATE('09/13/2002 12:52:08', '%m/%d/%Y %H:%i:%s'), 
    'V');
Insert into ADMIN.GG_TPROVIN
   (COD_PROVIN, NOM_PROVIN, COD_REGION, COD_USUARI, FEC_AUDITA, 
    IND_ESTADO)
 Values
   ('132', 'CORDILLERA', '13', 'ADMIN', STR_TO_DATE('09/13/2002 12:52:08', '%m/%d/%Y %H:%i:%s'), 
    'V');
Insert into ADMIN.GG_TPROVIN
   (COD_PROVIN, NOM_PROVIN, COD_REGION, COD_USUARI, FEC_AUDITA, 
    IND_ESTADO)
 Values
   ('133', 'CHACABUCO', '13', 'ADMIN', STR_TO_DATE('09/13/2002 12:52:08', '%m/%d/%Y %H:%i:%s'), 
    'V');
Insert into ADMIN.GG_TPROVIN
   (COD_PROVIN, NOM_PROVIN, COD_REGION, COD_USUARI, FEC_AUDITA, 
    IND_ESTADO)
 Values
   ('134', 'MAIPO', '13', 'ADMIN', STR_TO_DATE('09/13/2002 12:52:08', '%m/%d/%Y %H:%i:%s'), 
    'V');
Insert into ADMIN.GG_TPROVIN
   (COD_PROVIN, NOM_PROVIN, COD_REGION, COD_USUARI, FEC_AUDITA, 
    IND_ESTADO)
 Values
   ('135', 'MELIPILLA', '13', 'ADMIN', STR_TO_DATE('09/13/2002 12:52:08', '%m/%d/%Y %H:%i:%s'), 
    'V');
Insert into ADMIN.GG_TPROVIN
   (COD_PROVIN, NOM_PROVIN, COD_REGION, COD_USUARI, FEC_AUDITA, 
    IND_ESTADO)
 Values
   ('136', 'TALAGANTE', '13', 'ADMIN', STR_TO_DATE('09/13/2002 12:52:08', '%m/%d/%Y %H:%i:%s'), 
    'V');
Insert into ADMIN.GG_TPROVIN
   (COD_PROVIN, NOM_PROVIN, COD_REGION, COD_USUARI, FEC_AUDITA, 
    IND_ESTADO)
 Values
   ('999', 'IGNORADA', '99', 'ADMIN', STR_TO_DATE('09/13/2002 12:52:08', '%m/%d/%Y %H:%i:%s'), 
    'V');


CREATE TABLE ADMIN.GG_TINSEMP (
  COD_RUTINS       INT(10),
  COD_DIGVER       VARCHAR(1 ),
  NOM_INSEMP       VARCHAR(50 ),
  NOM_DIRECC       VARCHAR(50 ),
  NUM_TELEFO       INT(10),
  IND_CONVEN       VARCHAR(1 ),
  IND_TIPO         VARCHAR(1 ),
  IND_ORDDET       VARCHAR(1 ),
  COD_USUARIO      VARCHAR(60 ),
  IND_ESTADO       VARCHAR(1 ),
  FEC_AUDITA       DATE,
  FEC_USRCREA      DATE,
  COD_USRCREA      VARCHAR(60 ),
  IND_SUCURSAL     VARCHAR(1 ),
  COD_EMPRESA      VARCHAR(5 ),
  COD_IFLINSEMP    VARCHAR(3 ),
  COD_PREVISION    VARCHAR(3 ),
  DES_INSTITUCION  VARCHAR(50 ),
  IND_HTEMUCO      INT(3)
);




Insert into ADMIN.GG_TINSEMP
   (COD_RUTINS, COD_DIGVER, NOM_INSEMP, NOM_DIRECC, NUM_TELEFO, 
    IND_CONVEN, IND_TIPO, IND_ORDDET, COD_USUARIO, IND_ESTADO, 
    FEC_AUDITA, FEC_USRCREA, COD_USRCREA, IND_SUCURSAL, COD_EMPRESA, 
    COD_IFLINSEMP, COD_PREVISION, DES_INSTITUCION, IND_HTEMUCO)
 Values
   (61603000, '0', 'FONASA', NULL, NULL, 
    NULL, 'F', NULL, 'CAPACITA', 'V', 
    NULL, NULL, NULL, NULL, '100', 
    '1', NULL, NULL, NULL);
Insert into ADMIN.GG_TINSEMP
   (COD_RUTINS, COD_DIGVER, NOM_INSEMP, NOM_DIRECC, NUM_TELEFO, 
    IND_CONVEN, IND_TIPO, IND_ORDDET, COD_USUARIO, IND_ESTADO, 
    FEC_AUDITA, FEC_USRCREA, COD_USRCREA, IND_SUCURSAL, COD_EMPRESA, 
    COD_IFLINSEMP, COD_PREVISION, DES_INSTITUCION, IND_HTEMUCO)
 Values
   (96501450, '0', 'ISAPRE ING', NULL, NULL, 
    NULL, 'I', NULL, 'CAPACITA', 'V', 
    NULL, NULL, NULL, NULL, '100', 
    '4', '78', 'ING SALUD', NULL);
Insert into ADMIN.GG_TINSEMP
   (COD_RUTINS, COD_DIGVER, NOM_INSEMP, NOM_DIRECC, NUM_TELEFO, 
    IND_CONVEN, IND_TIPO, IND_ORDDET, COD_USUARIO, IND_ESTADO, 
    FEC_AUDITA, FEC_USRCREA, COD_USRCREA, IND_SUCURSAL, COD_EMPRESA, 
    COD_IFLINSEMP, COD_PREVISION, DES_INSTITUCION, IND_HTEMUCO)
 Values
   (96572800, '7', 'ISAPRE BANMEDICA S.A.', NULL, NULL, 
    NULL, 'I', NULL, 'CAPACITA', 'V', 
    NULL, NULL, NULL, NULL, '100', 
    '3', '99', 'BANMEDICA', 8);
Insert into ADMIN.GG_TINSEMP
   (COD_RUTINS, COD_DIGVER, NOM_INSEMP, NOM_DIRECC, NUM_TELEFO, 
    IND_CONVEN, IND_TIPO, IND_ORDDET, COD_USUARIO, IND_ESTADO, 
    FEC_AUDITA, FEC_USRCREA, COD_USRCREA, IND_SUCURSAL, COD_EMPRESA, 
    COD_IFLINSEMP, COD_PREVISION, DES_INSTITUCION, IND_HTEMUCO)
 Values
   (96522500, '5', 'ISAPRE MAS VIDA S.A.', NULL, NULL, 
    NULL, 'I', NULL, 'CAPACITA', 'V', 
    NULL, NULL, NULL, NULL, '100', 
    '15', '88', 'MAS VIDA', 17);
Insert into ADMIN.GG_TINSEMP
   (COD_RUTINS, COD_DIGVER, NOM_INSEMP, NOM_DIRECC, NUM_TELEFO, 
    IND_CONVEN, IND_TIPO, IND_ORDDET, COD_USUARIO, IND_ESTADO, 
    FEC_AUDITA, FEC_USRCREA, COD_USRCREA, IND_SUCURSAL, COD_EMPRESA, 
    COD_IFLINSEMP, COD_PREVISION, DES_INSTITUCION, IND_HTEMUCO)
 Values
   (96502530, '8', 'ISAPRE VIDA TRES S.A.', NULL, NULL, 
    NULL, 'I', NULL, 'CAPACITA', 'V', 
    NULL, NULL, NULL, NULL, '100', 
    '21', '80', 'VIDA TRES', 20);
Insert into ADMIN.GG_TINSEMP
   (COD_RUTINS, COD_DIGVER, NOM_INSEMP, NOM_DIRECC, NUM_TELEFO, 
    IND_CONVEN, IND_TIPO, IND_ORDDET, COD_USUARIO, IND_ESTADO, 
    FEC_AUDITA, FEC_USRCREA, COD_USRCREA, IND_SUCURSAL, COD_EMPRESA, 
    COD_IFLINSEMP, COD_PREVISION, DES_INSTITUCION, IND_HTEMUCO)
 Values
   (96856780, '2', 'ISAPRE CONSALUD  S.A.', NULL, NULL, 
    NULL, 'I', NULL, 'CAPACITA', 'V', 
    NULL, NULL, NULL, NULL, '100', 
    '9', '71', 'CONSALUD', 11);
Insert into ADMIN.GG_TINSEMP
   (COD_RUTINS, COD_DIGVER, NOM_INSEMP, NOM_DIRECC, NUM_TELEFO, 
    IND_CONVEN, IND_TIPO, IND_ORDDET, COD_USUARIO, IND_ESTADO, 
    FEC_AUDITA, FEC_USRCREA, COD_USRCREA, IND_SUCURSAL, COD_EMPRESA, 
    COD_IFLINSEMP, COD_PREVISION, DES_INSTITUCION, IND_HTEMUCO)
 Values
   (95000000, '7', 'ISAPRE CIGNA S.A.', NULL, NULL, 
    NULL, 'I', NULL, 'CAPACITA', 'V', 
    NULL, NULL, NULL, NULL, '100', 
    '24', '66', 'CIGNA SALUD', NULL);
Insert into ADMIN.GG_TINSEMP
   (COD_RUTINS, COD_DIGVER, NOM_INSEMP, NOM_DIRECC, NUM_TELEFO, 
    IND_CONVEN, IND_TIPO, IND_ORDDET, COD_USUARIO, IND_ESTADO, 
    FEC_AUDITA, FEC_USRCREA, COD_USRCREA, IND_SUCURSAL, COD_EMPRESA, 
    COD_IFLINSEMP, COD_PREVISION, DES_INSTITUCION, IND_HTEMUCO)
 Values
   (96504160, '5', 'ISAPRE FERROSALUD', NULL, NULL, 
    NULL, 'I', NULL, 'CAPACITA', 'V', 
    NULL, NULL, NULL, NULL, '100', 
    '12', '81', 'FERROSALUD', NULL);
Insert into ADMIN.GG_TINSEMP
   (COD_RUTINS, COD_DIGVER, NOM_INSEMP, NOM_DIRECC, NUM_TELEFO, 
    IND_CONVEN, IND_TIPO, IND_ORDDET, COD_USUARIO, IND_ESTADO, 
    FEC_AUDITA, FEC_USRCREA, COD_USRCREA, IND_SUCURSAL, COD_EMPRESA, 
    COD_IFLINSEMP, COD_PREVISION, DES_INSTITUCION, IND_HTEMUCO)
 Values
   (71235700, '2', 'ISPRE FUNDACIÓN BANCO ESTADO', NULL, NULL, 
    NULL, 'I', NULL, 'CAPACITA', 'V', 
    NULL, NULL, NULL, NULL, '100', 
    '14', '76', 'BANCO DEL ESTADO', 15);
Insert into ADMIN.GG_TINSEMP
   (COD_RUTINS, COD_DIGVER, NOM_INSEMP, NOM_DIRECC, NUM_TELEFO, 
    IND_CONVEN, IND_TIPO, IND_ORDDET, COD_USUARIO, IND_ESTADO, 
    FEC_AUDITA, FEC_USRCREA, COD_USRCREA, IND_SUCURSAL, COD_EMPRESA, 
    COD_IFLINSEMP, COD_PREVISION, DES_INSTITUCION, IND_HTEMUCO)
 Values
   (94954000, '6', 'ISAPRE COLMENA GOLDEN CROSS S.A.', NULL, NULL, 
    NULL, 'I', NULL, 'CAPACITA', 'V', 
    NULL, NULL, NULL, NULL, '100', 
    '2', '67', 'COLMENA GOLDEN CROSS', 10);
Insert into ADMIN.GG_TINSEMP
   (COD_RUTINS, COD_DIGVER, NOM_INSEMP, NOM_DIRECC, NUM_TELEFO, 
    IND_CONVEN, IND_TIPO, IND_ORDDET, COD_USUARIO, IND_ESTADO, 
    FEC_AUDITA, FEC_USRCREA, COD_USRCREA, IND_SUCURSAL, COD_EMPRESA, 
    COD_IFLINSEMP, COD_PREVISION, DES_INSTITUCION, IND_HTEMUCO)
 Values
   (79727230, '2', 'ISAPRE ISTEL LTDA.', NULL, NULL, 
    NULL, 'I', NULL, 'CAPACITA', 'V', 
    NULL, NULL, NULL, NULL, '100', 
    '11', '85', 'ISTEL', NULL);
Insert into ADMIN.GG_TINSEMP
   (COD_RUTINS, COD_DIGVER, NOM_INSEMP, NOM_DIRECC, NUM_TELEFO, 
    IND_CONVEN, IND_TIPO, IND_ORDDET, COD_USUARIO, IND_ESTADO, 
    FEC_AUDITA, FEC_USRCREA, COD_USRCREA, IND_SUCURSAL, COD_EMPRESA, 
    COD_IFLINSEMP, COD_PREVISION, DES_INSTITUCION, IND_HTEMUCO)
 Values
   (61103024, 'K', 'F.A.CH.', NULL, NULL, 
    'C', 'D', NULL, 'CAPACITA', 'V', 
    NULL, NULL, NULL, NULL, '100', 
    NULL, 'OO', NULL, NULL);
Insert into ADMIN.GG_TINSEMP
   (COD_RUTINS, COD_DIGVER, NOM_INSEMP, NOM_DIRECC, NUM_TELEFO, 
    IND_CONVEN, IND_TIPO, IND_ORDDET, COD_USUARIO, IND_ESTADO, 
    FEC_AUDITA, FEC_USRCREA, COD_USRCREA, IND_SUCURSAL, COD_EMPRESA, 
    COD_IFLINSEMP, COD_PREVISION, DES_INSTITUCION, IND_HTEMUCO)
 Values
   (72504200, '0', 'CORP.  MUTUAL FERROVIARIA', NULL, NULL, 
    'C', 'E', NULL, 'CAPACITA', 'V', 
    NULL, NULL, NULL, NULL, '100', 
    NULL, 'OO', NULL, NULL);
Insert into ADMIN.GG_TINSEMP
   (COD_RUTINS, COD_DIGVER, NOM_INSEMP, NOM_DIRECC, NUM_TELEFO, 
    IND_CONVEN, IND_TIPO, IND_ORDDET, COD_USUARIO, IND_ESTADO, 
    FEC_AUDITA, FEC_USRCREA, COD_USRCREA, IND_SUCURSAL, COD_EMPRESA, 
    COD_IFLINSEMP, COD_PREVISION, DES_INSTITUCION, IND_HTEMUCO)
 Values
   (61101032, 'K', 'FONDO DE SALUD PREV. DEL EJERCITO', NULL, NULL, 
    'C', 'D', NULL, 'CAPACITA', 'V', 
    NULL, NULL, NULL, NULL, '100', 
    NULL, 'OO', NULL, NULL);
Insert into ADMIN.GG_TINSEMP
   (COD_RUTINS, COD_DIGVER, NOM_INSEMP, NOM_DIRECC, NUM_TELEFO, 
    IND_CONVEN, IND_TIPO, IND_ORDDET, COD_USUARIO, IND_ESTADO, 
    FEC_AUDITA, FEC_USRCREA, COD_USRCREA, IND_SUCURSAL, COD_EMPRESA, 
    COD_IFLINSEMP, COD_PREVISION, DES_INSTITUCION, IND_HTEMUCO)
 Values
   (99061000, '2', 'AGF ALLIANZ CHILE COMPAÑIA DE SEGUROS GRALES S.A.', 'HENDAYA Nº60 PISO 10 LAS CONDES STGO.', NULL, 
    NULL, NULL, NULL, NULL, NULL, 
    NULL, NULL, NULL, NULL, NULL, 
    NULL, NULL, NULL, NULL);
Insert into ADMIN.GG_TINSEMP
   (COD_RUTINS, COD_DIGVER, NOM_INSEMP, NOM_DIRECC, NUM_TELEFO, 
    IND_CONVEN, IND_TIPO, IND_ORDDET, COD_USUARIO, IND_ESTADO, 
    FEC_AUDITA, FEC_USRCREA, COD_USRCREA, IND_SUCURSAL, COD_EMPRESA, 
    COD_IFLINSEMP, COD_PREVISION, DES_INSTITUCION, IND_HTEMUCO)
 Values
   (70360100, '6', 'ASCH  -  ASOCIACIÓN CHILENA DE SEGURIDAD', NULL, NULL, 
    NULL, 'T', NULL, 'CAPACITA', 'V', 
    NULL, NULL, NULL, NULL, NULL, 
    NULL, 'OO', NULL, NULL);
Insert into ADMIN.GG_TINSEMP
   (COD_RUTINS, COD_DIGVER, NOM_INSEMP, NOM_DIRECC, NUM_TELEFO, 
    IND_CONVEN, IND_TIPO, IND_ORDDET, COD_USUARIO, IND_ESTADO, 
    FEC_AUDITA, FEC_USRCREA, COD_USRCREA, IND_SUCURSAL, COD_EMPRESA, 
    COD_IFLINSEMP, COD_PREVISION, DES_INSTITUCION, IND_HTEMUCO)
 Values
   (61202016, '7', 'BIENESTAR M.O.P.', NULL, NULL, 
    'C', 'E', NULL, 'CAPACITA', 'V', 
    NULL, NULL, NULL, NULL, '100', 
    NULL, 'OO', NULL, NULL);
Insert into ADMIN.GG_TINSEMP
   (COD_RUTINS, COD_DIGVER, NOM_INSEMP, NOM_DIRECC, NUM_TELEFO, 
    IND_CONVEN, IND_TIPO, IND_ORDDET, COD_USUARIO, IND_ESTADO, 
    FEC_AUDITA, FEC_USRCREA, COD_USRCREA, IND_SUCURSAL, COD_EMPRESA, 
    COD_IFLINSEMP, COD_PREVISION, DES_INSTITUCION, IND_HTEMUCO)
 Values
   (96579130, '2', 'BIENESTAR PERSONAL ESSAR', NULL, NULL, 
    'C', 'E', NULL, 'CAPACITA', 'V', 
    NULL, NULL, NULL, NULL, '100', 
    NULL, 'OO', NULL, NULL);
Insert into ADMIN.GG_TINSEMP
   (COD_RUTINS, COD_DIGVER, NOM_INSEMP, NOM_DIRECC, NUM_TELEFO, 
    IND_CONVEN, IND_TIPO, IND_ORDDET, COD_USUARIO, IND_ESTADO, 
    FEC_AUDITA, FEC_USRCREA, COD_USRCREA, IND_SUCURSAL, COD_EMPRESA, 
    COD_IFLINSEMP, COD_PREVISION, DES_INSTITUCION, IND_HTEMUCO)
 Values
   (61308017, '1', 'BIENESTAR PERSONAL S.A.G.', NULL, NULL, 
    'C', 'E', NULL, 'CAPACITA', 'V', 
    NULL, NULL, NULL, NULL, '100', 
    NULL, 'OO', NULL, NULL);
Insert into ADMIN.GG_TINSEMP
   (COD_RUTINS, COD_DIGVER, NOM_INSEMP, NOM_DIRECC, NUM_TELEFO, 
    IND_CONVEN, IND_TIPO, IND_ORDDET, COD_USUARIO, IND_ESTADO, 
    FEC_AUDITA, FEC_USRCREA, COD_USRCREA, IND_SUCURSAL, COD_EMPRESA, 
    COD_IFLINSEMP, COD_PREVISION, DES_INSTITUCION, IND_HTEMUCO)
 Values
   (61108000, 'K', 'CAPREDENA', NULL, NULL, 
    'C', 'D', NULL, 'CAPACITA', 'V', 
    NULL, NULL, NULL, NULL, '100', 
    '23', 'FA', NULL, 7);
Insert into ADMIN.GG_TINSEMP
   (COD_RUTINS, COD_DIGVER, NOM_INSEMP, NOM_DIRECC, NUM_TELEFO, 
    IND_CONVEN, IND_TIPO, IND_ORDDET, COD_USUARIO, IND_ESTADO, 
    FEC_AUDITA, FEC_USRCREA, COD_USRCREA, IND_SUCURSAL, COD_EMPRESA, 
    COD_IFLINSEMP, COD_PREVISION, DES_INSTITUCION, IND_HTEMUCO)
 Values
   (70375900, '4', 'COOP. DE SERV. MÉDICOS SERMECOP LTDA.', NULL, NULL, 
    'C', 'E', NULL, 'CAPACITA', 'V', 
    NULL, NULL, NULL, NULL, '100', 
    NULL, 'OO', NULL, NULL);
Insert into ADMIN.GG_TINSEMP
   (COD_RUTINS, COD_DIGVER, NOM_INSEMP, NOM_DIRECC, NUM_TELEFO, 
    IND_CONVEN, IND_TIPO, IND_ORDDET, COD_USUARIO, IND_ESTADO, 
    FEC_AUDITA, FEC_USRCREA, COD_USRCREA, IND_SUCURSAL, COD_EMPRESA, 
    COD_IFLINSEMP, COD_PREVISION, DES_INSTITUCION, IND_HTEMUCO)
 Values
   (72114200, '0', 'CORBAT', NULL, NULL, 
    'C', 'E', NULL, 'CAPACITA', 'V', 
    NULL, NULL, NULL, NULL, '100', 
    NULL, 'OO', NULL, NULL);
Insert into ADMIN.GG_TINSEMP
   (COD_RUTINS, COD_DIGVER, NOM_INSEMP, NOM_DIRECC, NUM_TELEFO, 
    IND_CONVEN, IND_TIPO, IND_ORDDET, COD_USUARIO, IND_ESTADO, 
    FEC_AUDITA, FEC_USRCREA, COD_USRCREA, IND_SUCURSAL, COD_EMPRESA, 
    COD_IFLINSEMP, COD_PREVISION, DES_INSTITUCION, IND_HTEMUCO)
 Values
   (61513000, '1', 'DIPRECA', NULL, NULL, 
    'C', 'D', NULL, 'CAPACITA', 'V', 
    NULL, NULL, NULL, NULL, '100', 
    '22', 'OO', NULL, 6);
Insert into ADMIN.GG_TINSEMP
   (COD_RUTINS, COD_DIGVER, NOM_INSEMP, NOM_DIRECC, NUM_TELEFO, 
    IND_CONVEN, IND_TIPO, IND_ORDDET, COD_USUARIO, IND_ESTADO, 
    FEC_AUDITA, FEC_USRCREA, COD_USRCREA, IND_SUCURSAL, COD_EMPRESA, 
    COD_IFLINSEMP, COD_PREVISION, DES_INSTITUCION, IND_HTEMUCO)
 Values
   (82733800, '1', 'FUNDACIÓN MAGISTERIO DE LA ARAUCANIA', NULL, NULL, 
    'C', 'E', NULL, 'CAPACITA', 'V', 
    NULL, NULL, NULL, NULL, '100', 
    NULL, 'OO', NULL, NULL);
Insert into ADMIN.GG_TINSEMP
   (COD_RUTINS, COD_DIGVER, NOM_INSEMP, NOM_DIRECC, NUM_TELEFO, 
    IND_CONVEN, IND_TIPO, IND_ORDDET, COD_USUARIO, IND_ESTADO, 
    FEC_AUDITA, FEC_USRCREA, COD_USRCREA, IND_SUCURSAL, COD_EMPRESA, 
    COD_IFLINSEMP, COD_PREVISION, DES_INSTITUCION, IND_HTEMUCO)
 Values
   (61533000, '0', 'I.N.P.', NULL, NULL, 
    NULL, 'T', NULL, 'CAPACITA', 'V', 
    NULL, NULL, NULL, NULL, '100', 
    NULL, 'OO', NULL, NULL);
Insert into ADMIN.GG_TINSEMP
   (COD_RUTINS, COD_DIGVER, NOM_INSEMP, NOM_DIRECC, NUM_TELEFO, 
    IND_CONVEN, IND_TIPO, IND_ORDDET, COD_USUARIO, IND_ESTADO, 
    FEC_AUDITA, FEC_USRCREA, COD_USRCREA, IND_SUCURSAL, COD_EMPRESA, 
    COD_IFLINSEMP, COD_PREVISION, DES_INSTITUCION, IND_HTEMUCO)
 Values
   (70285100, '9', 'MUTUAL DE SEGURIDAD C. CH. C.', NULL, NULL, 
    NULL, 'T', NULL, 'CAPACITA', 'V', 
    NULL, NULL, NULL, NULL, '100', 
    NULL, 'OO', NULL, NULL);
Insert into ADMIN.GG_TINSEMP
   (COD_RUTINS, COD_DIGVER, NOM_INSEMP, NOM_DIRECC, NUM_TELEFO, 
    IND_CONVEN, IND_TIPO, IND_ORDDET, COD_USUARIO, IND_ESTADO, 
    FEC_AUDITA, FEC_USRCREA, COD_USRCREA, IND_SUCURSAL, COD_EMPRESA, 
    COD_IFLINSEMP, COD_PREVISION, DES_INSTITUCION, IND_HTEMUCO)
 Values
   (99147000, 'K', 'AXA SEGUROS GENERALES S.A.', 'HUERFANOS Nº1189 PISOS 2 - 3 - 4 STGO.', NULL, 
    NULL, 'A', NULL, 'CAPACITA', 'V', 
    NULL, NULL, NULL, NULL, '100', 
    NULL, NULL, NULL, NULL);
Insert into ADMIN.GG_TINSEMP
   (COD_RUTINS, COD_DIGVER, NOM_INSEMP, NOM_DIRECC, NUM_TELEFO, 
    IND_CONVEN, IND_TIPO, IND_ORDDET, COD_USUARIO, IND_ESTADO, 
    FEC_AUDITA, FEC_USRCREA, COD_USRCREA, IND_SUCURSAL, COD_EMPRESA, 
    COD_IFLINSEMP, COD_PREVISION, DES_INSTITUCION, IND_HTEMUCO)
 Values
   (99302000, '1', 'SEGUROS SECURITY PREVISION GENERALES S.A.', 'HENDAYA Nº60 PISO 7 LAS CONDES STGO.', NULL, 
    NULL, 'A', NULL, 'CAPACITA', 'V', 
    NULL, NULL, NULL, NULL, '100', 
    NULL, NULL, NULL, NULL);
Insert into ADMIN.GG_TINSEMP
   (COD_RUTINS, COD_DIGVER, NOM_INSEMP, NOM_DIRECC, NUM_TELEFO, 
    IND_CONVEN, IND_TIPO, IND_ORDDET, COD_USUARIO, IND_ESTADO, 
    FEC_AUDITA, FEC_USRCREA, COD_USRCREA, IND_SUCURSAL, COD_EMPRESA, 
    COD_IFLINSEMP, COD_PREVISION, DES_INSTITUCION, IND_HTEMUCO)
 Values
   (99001000, '5', 'ING SEGUROS GENERALES S.A.', 'SUECIA Nº211 PROVIDENCIA SANTIAGO', NULL, 
    NULL, 'A', NULL, 'CAPACITA', 'V', 
    NULL, NULL, NULL, NULL, '100', 
    NULL, NULL, NULL, NULL);
Insert into ADMIN.GG_TINSEMP
   (COD_RUTINS, COD_DIGVER, NOM_INSEMP, NOM_DIRECC, NUM_TELEFO, 
    IND_CONVEN, IND_TIPO, IND_ORDDET, COD_USUARIO, IND_ESTADO, 
    FEC_AUDITA, FEC_USRCREA, COD_USRCREA, IND_SUCURSAL, COD_EMPRESA, 
    COD_IFLINSEMP, COD_PREVISION, DES_INSTITUCION, IND_HTEMUCO)
 Values
   (96549050, '7', 'ING SEGUROS DE VIDA S.A.', 'SUECIA Nº211 PROVIDENCIA SANTIAGO', NULL, 
    NULL, 'A', NULL, 'CAPACITA', 'V', 
    NULL, NULL, NULL, NULL, '100', 
    NULL, NULL, NULL, NULL);
Insert into ADMIN.GG_TINSEMP
   (COD_RUTINS, COD_DIGVER, NOM_INSEMP, NOM_DIRECC, NUM_TELEFO, 
    IND_CONVEN, IND_TIPO, IND_ORDDET, COD_USUARIO, IND_ESTADO, 
    FEC_AUDITA, FEC_USRCREA, COD_USRCREA, IND_SUCURSAL, COD_EMPRESA, 
    COD_IFLINSEMP, COD_PREVISION, DES_INSTITUCION, IND_HTEMUCO)
 Values
   (99155000, '3', 'ABN AMRO CHILE SEGUROS GENERALES', 'APOQUINDO Nº1335 LOCAL 101 LAS CONDES', NULL, 
    NULL, 'A', NULL, 'CAPACITA', 'V', 
    NULL, NULL, NULL, NULL, '100', 
    NULL, NULL, NULL, NULL);
Insert into ADMIN.GG_TINSEMP
   (COD_RUTINS, COD_DIGVER, NOM_INSEMP, NOM_DIRECC, NUM_TELEFO, 
    IND_CONVEN, IND_TIPO, IND_ORDDET, COD_USUARIO, IND_ESTADO, 
    FEC_AUDITA, FEC_USRCREA, COD_USRCREA, IND_SUCURSAL, COD_EMPRESA, 
    COD_IFLINSEMP, COD_PREVISION, DES_INSTITUCION, IND_HTEMUCO)
 Values
   (99288000, '7', 'LA INTERAMERICANA CIA. DE SEGUROS GENERALES S.A.', 'AGUSTINAS Nº640 PISO 8 - 9 STGO.', NULL, 
    NULL, 'A', NULL, 'CAPACITA', 'V', 
    NULL, NULL, NULL, NULL, '100', 
    NULL, NULL, NULL, NULL);
Insert into ADMIN.GG_TINSEMP
   (COD_RUTINS, COD_DIGVER, NOM_INSEMP, NOM_DIRECC, NUM_TELEFO, 
    IND_CONVEN, IND_TIPO, IND_ORDDET, COD_USUARIO, IND_ESTADO, 
    FEC_AUDITA, FEC_USRCREA, COD_USRCREA, IND_SUCURSAL, COD_EMPRESA, 
    COD_IFLINSEMP, COD_PREVISION, DES_INSTITUCION, IND_HTEMUCO)
 Values
   (99289000, '2', 'LA INTERAMERICANA CIA DE SEGUROS DE VIDA S.A.', 'AGUSTINAS Nº640 PISO 16 STGO.', NULL, 
    NULL, 'A', NULL, 'CAPACITA', 'V', 
    NULL, NULL, NULL, NULL, '100', 
    NULL, NULL, NULL, NULL);
Insert into ADMIN.GG_TINSEMP
   (COD_RUTINS, COD_DIGVER, NOM_INSEMP, NOM_DIRECC, NUM_TELEFO, 
    IND_CONVEN, IND_TIPO, IND_ORDDET, COD_USUARIO, IND_ESTADO, 
    FEC_AUDITA, FEC_USRCREA, COD_USRCREA, IND_SUCURSAL, COD_EMPRESA, 
    COD_IFLINSEMP, COD_PREVISION, DES_INSTITUCION, IND_HTEMUCO)
 Values
   (96508210, '7', 'MAPFRE SEGUROS GRALES. DE CHILE S.A.', 'TEATINOS Nº 280 PISO 4 STGO.', NULL, 
    NULL, 'A', NULL, 'CAPACITA', 'V', 
    NULL, NULL, NULL, NULL, '100', 
    NULL, NULL, NULL, NULL);
Insert into ADMIN.GG_TINSEMP
   (COD_RUTINS, COD_DIGVER, NOM_INSEMP, NOM_DIRECC, NUM_TELEFO, 
    IND_CONVEN, IND_TIPO, IND_ORDDET, COD_USUARIO, IND_ESTADO, 
    FEC_AUDITA, FEC_USRCREA, COD_USRCREA, IND_SUCURSAL, COD_EMPRESA, 
    COD_IFLINSEMP, COD_PREVISION, DES_INSTITUCION, IND_HTEMUCO)
 Values
   (99010000, '4', 'CIA. NACIONAL DE SEGUROS GRALES. UNION ESPAÑOLA', 'MATIAS CAUSIÑO Nº 150 PISO 2 OF. 201 STGO.', NULL, 
    NULL, 'A', NULL, 'CAPACITA', 'V', 
    NULL, NULL, NULL, NULL, '100', 
    NULL, NULL, NULL, NULL);
Insert into ADMIN.GG_TINSEMP
   (COD_RUTINS, COD_DIGVER, NOM_INSEMP, NOM_DIRECC, NUM_TELEFO, 
    IND_CONVEN, IND_TIPO, IND_ORDDET, COD_USUARIO, IND_ESTADO, 
    FEC_AUDITA, FEC_USRCREA, COD_USRCREA, IND_SUCURSAL, COD_EMPRESA, 
    COD_IFLINSEMP, COD_PREVISION, DES_INSTITUCION, IND_HTEMUCO)
 Values
   (99225000, '3', 'CIGNA COMPAÑIAS DE SEGUROS (CHILE S.A.)', 'MIRAFLORES Nº222 PISO 17 STGO.', NULL, 
    NULL, 'A', NULL, 'CAPACITA', 'V', 
    NULL, NULL, NULL, NULL, '100', 
    NULL, NULL, NULL, NULL);
Insert into ADMIN.GG_TINSEMP
   (COD_RUTINS, COD_DIGVER, NOM_INSEMP, NOM_DIRECC, NUM_TELEFO, 
    IND_CONVEN, IND_TIPO, IND_ORDDET, COD_USUARIO, IND_ESTADO, 
    FEC_AUDITA, FEC_USRCREA, COD_USRCREA, IND_SUCURSAL, COD_EMPRESA, 
    COD_IFLINSEMP, COD_PREVISION, DES_INSTITUCION, IND_HTEMUCO)
 Values
   (99037000, '1', 'CHILENA CONSOLIDADA SEGUROS GRALES. S.A.', 'AVDA. PEDRO DE VALDIVIA Nº195 PROVIDENCIA STGO.', NULL, 
    NULL, 'A', NULL, 'CAPACITA', 'V', 
    NULL, NULL, NULL, NULL, '100', 
    NULL, NULL, NULL, NULL);
Insert into ADMIN.GG_TINSEMP
   (COD_RUTINS, COD_DIGVER, NOM_INSEMP, NOM_DIRECC, NUM_TELEFO, 
    IND_CONVEN, IND_TIPO, IND_ORDDET, COD_USUARIO, IND_ESTADO, 
    FEC_AUDITA, FEC_USRCREA, COD_USRCREA, IND_SUCURSAL, COD_EMPRESA, 
    COD_IFLINSEMP, COD_PREVISION, DES_INSTITUCION, IND_HTEMUCO)
 Values
   (96534940, '5', 'LE MANS ISE COMPAÑIA DE SEGUROS GRALES. S.A.', 'ENCOMENDEROS Nº113 LAS CONDES SANTIAGO', NULL, 
    NULL, 'A', NULL, 'CAPACITA', 'V', 
    NULL, NULL, NULL, NULL, '100', 
    NULL, NULL, NULL, NULL);
Insert into ADMIN.GG_TINSEMP
   (COD_RUTINS, COD_DIGVER, NOM_INSEMP, NOM_DIRECC, NUM_TELEFO, 
    IND_CONVEN, IND_TIPO, IND_ORDDET, COD_USUARIO, IND_ESTADO, 
    FEC_AUDITA, FEC_USRCREA, COD_USRCREA, IND_SUCURSAL, COD_EMPRESA, 
    COD_IFLINSEMP, COD_PREVISION, DES_INSTITUCION, IND_HTEMUCO)
 Values
   (99285000, '0', 'COMPAÑIA DE SEGUROS GENERALES CRUZ DEL SUR S.A.', 'AVDA. EL GOLF Nº150 LAS CONDES STGO.', NULL, 
    NULL, 'A', NULL, 'CAPACITA', 'V', 
    NULL, NULL, NULL, NULL, '100', 
    NULL, NULL, NULL, NULL);
Insert into ADMIN.GG_TINSEMP
   (COD_RUTINS, COD_DIGVER, NOM_INSEMP, NOM_DIRECC, NUM_TELEFO, 
    IND_CONVEN, IND_TIPO, IND_ORDDET, COD_USUARIO, IND_ESTADO, 
    FEC_AUDITA, FEC_USRCREA, COD_USRCREA, IND_SUCURSAL, COD_EMPRESA, 
    COD_IFLINSEMP, COD_PREVISION, DES_INSTITUCION, IND_HTEMUCO)
 Values
   (94510000, '1', 'RENTA NACIONAL CIA. DE SEGUROS GENERALES S.A.', 'AMUNATEGUI Nº178 PISO 2 STGO.', NULL, 
    NULL, 'A', NULL, 'CAPACITA', 'V', 
    NULL, NULL, NULL, NULL, '100', 
    NULL, NULL, NULL, NULL);
Insert into ADMIN.GG_TINSEMP
   (COD_RUTINS, COD_DIGVER, NOM_INSEMP, NOM_DIRECC, NUM_TELEFO, 
    IND_CONVEN, IND_TIPO, IND_ORDDET, COD_USUARIO, IND_ESTADO, 
    FEC_AUDITA, FEC_USRCREA, COD_USRCREA, IND_SUCURSAL, COD_EMPRESA, 
    COD_IFLINSEMP, COD_PREVISION, DES_INSTITUCION, IND_HTEMUCO)
 Values
   (96654180, '6', 'CIA. SEGUROS GRALES. CONSORCIO NAC. DE SEG. S.A.', 'EL BOSQUE SUR Nº130 PISO 6 LAS CONDES STGO.', NULL, 
    NULL, 'A', NULL, 'CAPACITA', 'V', 
    NULL, NULL, NULL, NULL, '100', 
    NULL, NULL, NULL, NULL);
Insert into ADMIN.GG_TINSEMP
   (COD_RUTINS, COD_DIGVER, NOM_INSEMP, NOM_DIRECC, NUM_TELEFO, 
    IND_CONVEN, IND_TIPO, IND_ORDDET, COD_USUARIO, IND_ESTADO, 
    FEC_AUDITA, FEC_USRCREA, COD_USRCREA, IND_SUCURSAL, COD_EMPRESA, 
    COD_IFLINSEMP, COD_PREVISION, DES_INSTITUCION, IND_HTEMUCO)
 Values
   (99017000, '2', 'ROYAL Y SUN ALLIANCE SEGUROS (CHILE) S.A.', 'AVDA. PROVIDENCIA 1760 PISO 4 STGO.', NULL, 
    NULL, 'A', NULL, 'CAPACITA', 'V', 
    NULL, NULL, NULL, NULL, '100', 
    NULL, NULL, NULL, NULL);
Insert into ADMIN.GG_TINSEMP
   (COD_RUTINS, COD_DIGVER, NOM_INSEMP, NOM_DIRECC, NUM_TELEFO, 
    IND_CONVEN, IND_TIPO, IND_ORDDET, COD_USUARIO, IND_ESTADO, 
    FEC_AUDITA, FEC_USRCREA, COD_USRCREA, IND_SUCURSAL, COD_EMPRESA, 
    COD_IFLINSEMP, COD_PREVISION, DES_INSTITUCION, IND_HTEMUCO)
 Values
   (96683120, '0', 'COMPAÑIA DE SEGUROS GRALES. LAS AMERICAS', 'AVDA. EL BOSQUE NORTE Nº0440 PISO 7 OF. 702 STGO.', NULL, 
    NULL, 'A', NULL, 'CAPACITA', 'V', 
    NULL, NULL, NULL, NULL, '100', 
    NULL, NULL, NULL, NULL);
Insert into ADMIN.GG_TINSEMP
   (COD_RUTINS, COD_DIGVER, NOM_INSEMP, NOM_DIRECC, NUM_TELEFO, 
    IND_CONVEN, IND_TIPO, IND_ORDDET, COD_USUARIO, IND_ESTADO, 
    FEC_AUDITA, FEC_USRCREA, COD_USRCREA, IND_SUCURSAL, COD_EMPRESA, 
    COD_IFLINSEMP, COD_PREVISION, DES_INSTITUCION, IND_HTEMUCO)
 Values
   (99048000, '1', 'COMPAÑIA DE SEGUROS ITALIA S.A.', 'COCHRANE Nº857 VALPARAISO', NULL, 
    NULL, 'A', NULL, 'CAPACITA', 'V', 
    NULL, NULL, NULL, NULL, '100', 
    NULL, NULL, NULL, NULL);
Insert into ADMIN.GG_TINSEMP
   (COD_RUTINS, COD_DIGVER, NOM_INSEMP, NOM_DIRECC, NUM_TELEFO, 
    IND_CONVEN, IND_TIPO, IND_ORDDET, COD_USUARIO, IND_ESTADO, 
    FEC_AUDITA, FEC_USRCREA, COD_USRCREA, IND_SUCURSAL, COD_EMPRESA, 
    COD_IFLINSEMP, COD_PREVISION, DES_INSTITUCION, IND_HTEMUCO)
 Values
   (70015580, '3', 'I.S.T.', 'AVDA. COLON 3430 TALCAHUANO', NULL, 
    NULL, 'T', NULL, 'CAPACITA', 'V', 
    NULL, NULL, NULL, NULL, '100', 
    NULL, 'OO', NULL, NULL);
Insert into ADMIN.GG_TINSEMP
   (COD_RUTINS, COD_DIGVER, NOM_INSEMP, NOM_DIRECC, NUM_TELEFO, 
    IND_CONVEN, IND_TIPO, IND_ORDDET, COD_USUARIO, IND_ESTADO, 
    FEC_AUDITA, FEC_USRCREA, COD_USRCREA, IND_SUCURSAL, COD_EMPRESA, 
    COD_IFLINSEMP, COD_PREVISION, DES_INSTITUCION, IND_HTEMUCO)
 Values
   (11111111, '1', 'ARMADA DE CHILE', 'NN', NULL, 
    'C', 'D', NULL, 'CAPACITA', 'V', 
    NULL, NULL, NULL, NULL, '100', 
    NULL, 'OO', NULL, NULL);
Insert into ADMIN.GG_TINSEMP
   (COD_RUTINS, COD_DIGVER, NOM_INSEMP, NOM_DIRECC, NUM_TELEFO, 
    IND_CONVEN, IND_TIPO, IND_ORDDET, COD_USUARIO, IND_ESTADO, 
    FEC_AUDITA, FEC_USRCREA, COD_USRCREA, IND_SUCURSAL, COD_EMPRESA, 
    COD_IFLINSEMP, COD_PREVISION, DES_INSTITUCION, IND_HTEMUCO)
 Values
   (70905700, '6', 'FUNDACION DE SALUD EL TENIENTE', NULL, NULL, 
    NULL, 'I', NULL, 'CAPACITA', 'V', 
    NULL, NULL, NULL, NULL, '100', 
    '13', '63', NULL, NULL);
Insert into ADMIN.GG_TINSEMP
   (COD_RUTINS, COD_DIGVER, NOM_INSEMP, NOM_DIRECC, NUM_TELEFO, 
    IND_CONVEN, IND_TIPO, IND_ORDDET, COD_USUARIO, IND_ESTADO, 
    FEC_AUDITA, FEC_USRCREA, COD_USRCREA, IND_SUCURSAL, COD_EMPRESA, 
    COD_IFLINSEMP, COD_PREVISION, DES_INSTITUCION, IND_HTEMUCO)
 Values
   (81461700, '9', 'PROMEPART ISAPRE', NULL, NULL, 
    NULL, 'I', NULL, 'CAPACITA', 'V', 
    NULL, NULL, NULL, NULL, '100', 
    '17', '57', NULL, NULL);
Insert into ADMIN.GG_TINSEMP
   (COD_RUTINS, COD_DIGVER, NOM_INSEMP, NOM_DIRECC, NUM_TELEFO, 
    IND_CONVEN, IND_TIPO, IND_ORDDET, COD_USUARIO, IND_ESTADO, 
    FEC_AUDITA, FEC_USRCREA, COD_USRCREA, IND_SUCURSAL, COD_EMPRESA, 
    COD_IFLINSEMP, COD_PREVISION, DES_INSTITUCION, IND_HTEMUCO)
 Values
   (88497700, '4', 'SAN LORENZO LTDA.', NULL, NULL, 
    NULL, 'I', NULL, 'CAPACITA', 'V', 
    NULL, NULL, NULL, NULL, '100', 
    '19', '62', NULL, NULL);
Insert into ADMIN.GG_TINSEMP
   (COD_RUTINS, COD_DIGVER, NOM_INSEMP, NOM_DIRECC, NUM_TELEFO, 
    IND_CONVEN, IND_TIPO, IND_ORDDET, COD_USUARIO, IND_ESTADO, 
    FEC_AUDITA, FEC_USRCREA, COD_USRCREA, IND_SUCURSAL, COD_EMPRESA, 
    COD_IFLINSEMP, COD_PREVISION, DES_INSTITUCION, IND_HTEMUCO)
 Values
   (79566720, '2', 'CHUQUICAMATA LTDA.', NULL, NULL, 
    NULL, 'I', NULL, 'CAPACITA', 'V', 
    NULL, NULL, NULL, NULL, '100', 
    '8', '65', NULL, 9);
Insert into ADMIN.GG_TINSEMP
   (COD_RUTINS, COD_DIGVER, NOM_INSEMP, NOM_DIRECC, NUM_TELEFO, 
    IND_CONVEN, IND_TIPO, IND_ORDDET, COD_USUARIO, IND_ESTADO, 
    FEC_AUDITA, FEC_USRCREA, COD_USRCREA, IND_SUCURSAL, COD_EMPRESA, 
    COD_IFLINSEMP, COD_PREVISION, DES_INSTITUCION, IND_HTEMUCO)
 Values
   (89441300, 'K', 'RIO BLANCO LTDA.', NULL, NULL, 
    NULL, 'I', NULL, 'CAPACITA', 'V', 
    NULL, NULL, NULL, NULL, '100', 
    '18', '68', NULL, 18);
Insert into ADMIN.GG_TINSEMP
   (COD_RUTINS, COD_DIGVER, NOM_INSEMP, NOM_DIRECC, NUM_TELEFO, 
    IND_CONVEN, IND_TIPO, IND_ORDDET, COD_USUARIO, IND_ESTADO, 
    FEC_AUDITA, FEC_USRCREA, COD_USRCREA, IND_SUCURSAL, COD_EMPRESA, 
    COD_IFLINSEMP, COD_PREVISION, DES_INSTITUCION, IND_HTEMUCO)
 Values
   (95078000, '2', 'NORMEDICA S.A.', NULL, NULL, 
    NULL, 'I', NULL, 'CAPACITA', 'V', 
    NULL, NULL, NULL, NULL, '100', 
    '16', '70', NULL, NULL);
Insert into ADMIN.GG_TINSEMP
   (COD_RUTINS, COD_DIGVER, NOM_INSEMP, NOM_DIRECC, NUM_TELEFO, 
    IND_CONVEN, IND_TIPO, IND_ORDDET, COD_USUARIO, IND_ESTADO, 
    FEC_AUDITA, FEC_USRCREA, COD_USRCREA, IND_SUCURSAL, COD_EMPRESA, 
    COD_IFLINSEMP, COD_PREVISION, DES_INSTITUCION, IND_HTEMUCO)
 Values
   (79906120, '1', 'CRUZ DEL NORTE LTDA.', NULL, NULL, 
    NULL, 'I', NULL, 'CAPACITA', 'V', 
    NULL, NULL, NULL, NULL, '100', 
    '10', '94', NULL, 13);
Insert into ADMIN.GG_TINSEMP
   (COD_RUTINS, COD_DIGVER, NOM_INSEMP, NOM_DIRECC, NUM_TELEFO, 
    IND_CONVEN, IND_TIPO, IND_ORDDET, COD_USUARIO, IND_ESTADO, 
    FEC_AUDITA, FEC_USRCREA, COD_USRCREA, IND_SUCURSAL, COD_EMPRESA, 
    COD_IFLINSEMP, COD_PREVISION, DES_INSTITUCION, IND_HTEMUCO)
 Values
   (96645500, '4', 'SFERA S.A.', NULL, NULL, 
    NULL, 'I', NULL, 'CAPACITA', 'V', 
    NULL, NULL, NULL, NULL, '100', 
    '20', '04', NULL, NULL);
Insert into ADMIN.GG_TINSEMP
   (COD_RUTINS, COD_DIGVER, NOM_INSEMP, NOM_DIRECC, NUM_TELEFO, 
    IND_CONVEN, IND_TIPO, IND_ORDDET, COD_USUARIO, IND_ESTADO, 
    FEC_AUDITA, FEC_USRCREA, COD_USRCREA, IND_SUCURSAL, COD_EMPRESA, 
    COD_IFLINSEMP, COD_PREVISION, DES_INSTITUCION, IND_HTEMUCO)
 Values
   (96936100, '0', 'ALEMANA SALUD S.A.', NULL, NULL, 
    NULL, 'I', NULL, 'CAPACITA', 'V', 
    NULL, NULL, NULL, NULL, '100', 
    '7', 'OO', NULL, 21);
Insert into ADMIN.GG_TINSEMP
   (COD_RUTINS, COD_DIGVER, NOM_INSEMP, NOM_DIRECC, NUM_TELEFO, 
    IND_CONVEN, IND_TIPO, IND_ORDDET, COD_USUARIO, IND_ESTADO, 
    FEC_AUDITA, FEC_USRCREA, COD_USRCREA, IND_SUCURSAL, COD_EMPRESA, 
    COD_IFLINSEMP, COD_PREVISION, DES_INSTITUCION, IND_HTEMUCO)
 Values
   (61955100, '1', 'OTRA INSTITUCION', NULL, NULL, 
    NULL, 'A', NULL, 'ADMIN', 'V', 
    NULL, NULL, NULL, NULL, NULL, 
    NULL, NULL, NULL, 0);
COMMIT;

CREATE TABLE ADMIN.GG_TCORREL (
  COD_EMPRESA  VARCHAR(5 ),
  ID_CORREL    VARCHAR(10 ),
  ID_INTERNO   VARCHAR(10 ),
  NUM_ANO      INT(4),
  NUM_CORREL   INT(10),
  COD_USUARI   VARCHAR(60 ),
  FEC_AUDITA   DATE,
  COD_SISTEMA  VARCHAR(20 )
);

INSERT INTO ADMIN.GG_TCORREL 
(COD_EMPRESA, ID_CORREL, NUM_ANO, NUM_CORREL, COD_USUARI, FEC_AUDITA, COD_SISTEMA)
VALUES 
('100', 'NUM_FICHAE', NULL, 0, 1, NULL, NULL);


CREATE TABLE ADMIN.IN_TMIEMBROS (
  COD_FAMILIA      VARCHAR(10 ),
  COD_RUTPAC       INT(8),
  COD_OCUPACION    VARCHAR(3 ),
  COD_ESCOLARIDAD  VARCHAR(3 ),
  COD_PARENTESCO   VARCHAR(3 ),
  COD_ENFCRON      VARCHAR(3 ),
  IND_PORGSOC      VARCHAR(3 ),
  COD_PREVISION    VARCHAR(3 ),
  FEC_INCRIP       DATE,
  COD_CAUSELIM     VARCHAR(3 ),
  FEC_ELIMIN       DATE,
  COD_CAUSREACT    VARCHAR(3 ),
  FEC_REACT        DATE,
  FEC_ACTUALIZA    DATE,
  FEC_ACTUALIZAC   DATE,
  COD_CSALUD       VARCHAR(10 ),
  COD_PRGJEFAH     VARCHAR(2 ),
  IND_EDDINSCR     VARCHAR(5 ),
  DES_EDDINSCR     VARCHAR(100 ),
  FEC_DDINSCR      DATE,
  IND_ESTADO2      VARCHAR(1 ),
  FEC_INIVIGPREV   DATE,
  FEC_TERVIGPREV   DATE,
  IND_CARTADES     VARCHAR(2 ),
  IND_FINIQUITO    VARCHAR(2 ),
  COD_RUTCALIFICA  VARCHAR(12 ),
  COD_CONTROL      VARCHAR(3 ),
  IND_ESTADO       VARCHAR(1 ),
  COD_USRCREA      VARCHAR(60 ),
  FEC_USRCREA      DATE,
  COD_USUARI       VARCHAR(60 ),
  FEC_AUDITA       DATE,
  COD_EMPRESA      VARCHAR(5 ),
  COD_SERSAL       VARCHAR(4 ),
  COD_FAMILIANT    VARCHAR(11 )
);

CREATE TABLE ADMIN.SO_TTITUL (
  COD_RUTTIT         INT(10) NOT NULL,
  COD_DIGVER         CHAR(1 ),
  NOM_NOMBRE         VARCHAR(60 ),
  NOM_APEPAT         VARCHAR(60 ),
  NOM_APEMAT         VARCHAR(60 ),
  NOM_DIRECC         VARCHAR(50 ),
  NUM_TELEFO         INT(10),
  IND_PREVIS         VARCHAR(2 ),
  FEC_VENCLA         DATE,
  NUM_RUTEMP         INT(10),
  NUM_RUTINS         INT(10),
  CAN_PACIEN         INT(22),
  IND_ESTADO         CHAR(1 ),
  FEC_AUDITA         DATE,
  COD_USUARI         VARCHAR(60 ),
  FEC_USRCREA        DATE,
  COD_USRCREA        VARCHAR(60 ),
  COD_ESTABL         VARCHAR(3 ),
  COD_EMPRESA        VARCHAR(5 ),
  CREDENCIAL         VARCHAR(15 ),
  DES_BLOQUEO        VARCHAR(200 ),
  FEC_ACTUALIZAPREV  DATE
);


CREATE TABLE ADMIN.GG_TFICHA (
  NUM_NFICHA     INT(8),
  NUM_CORPAC     INT(8),
  FEC_AUDITA     DATE,
  COD_USUARIO    VARCHAR(60 ),
  IND_ESTADO     VARCHAR(1 ),
  COD_EMPRESA    VARCHAR(5 )
); 

